timestamp, power.draw [W], utilization.gpu [%]
2026/02/12 17:10:43.948, 11.14 W, 0 %
2026/02/12 17:10:44.952, 10.86 W, 0 %
2026/02/12 17:10:45.952, 10.63 W, 0 %
2026/02/12 17:10:46.952, 10.16 W, 0 %
2026/02/12 17:10:47.952, 10.65 W, 0 %
2026/02/12 17:10:48.952, 10.45 W, 0 %
2026/02/12 17:10:49.952, 10.74 W, 0 %
2026/02/12 17:10:50.952, 10.63 W, 0 %
2026/02/12 17:10:51.953, 10.35 W, 0 %
2026/02/12 17:10:52.953, 9.67 W, 0 %
2026/02/12 17:10:53.953, 10.44 W, 18 %
2026/02/12 17:10:54.953, 9.89 W, 0 %
2026/02/12 17:10:55.953, 10.85 W, 0 %
2026/02/12 17:10:56.953, 10.26 W, 0 %
2026/02/12 17:10:57.953, 10.28 W, 0 %
2026/02/12 17:10:58.953, 9.93 W, 0 %
2026/02/12 17:10:59.954, 10.38 W, 0 %
2026/02/12 17:11:00.954, 10.88 W, 1 %
2026/02/12 17:11:01.954, 11.14 W, 0 %
2026/02/12 17:11:02.954, 10.30 W, 0 %
2026/02/12 17:11:03.954, 10.05 W, 0 %
2026/02/12 17:11:04.954, 9.98 W, 0 %
2026/02/12 17:11:05.954, 10.09 W, 0 %
2026/02/12 17:11:06.954, 10.51 W, 0 %
2026/02/12 17:11:07.955, 10.45 W, 0 %
2026/02/12 17:11:08.955, 10.82 W, 0 %
2026/02/12 17:11:09.955, 10.97 W, 0 %
2026/02/12 17:11:10.955, 11.31 W, 0 %
2026/02/12 17:11:11.955, 11.15 W, 0 %
2026/02/12 17:11:12.955, 10.72 W, 0 %
2026/02/12 17:11:13.955, 10.34 W, 0 %
2026/02/12 17:11:14.955, 10.35 W, 0 %
2026/02/12 17:11:15.956, 10.01 W, 0 %
2026/02/12 17:11:16.956, 10.02 W, 0 %
2026/02/12 17:11:17.956, 10.67 W, 0 %
2026/02/12 17:11:18.956, 10.67 W, 0 %
2026/02/12 17:11:19.956, 10.65 W, 0 %
2026/02/12 17:11:20.956, 11.20 W, 0 %
2026/02/12 17:11:21.956, 11.61 W, 0 %
2026/02/12 17:11:22.957, 11.47 W, 0 %
2026/02/12 17:11:23.957, 11.13 W, 0 %
2026/02/12 17:11:24.957, 10.44 W, 0 %
2026/02/12 17:11:25.957, 10.54 W, 0 %
2026/02/12 17:11:26.957, 10.42 W, 0 %
2026/02/12 17:11:27.957, 10.56 W, 0 %
2026/02/12 17:11:28.958, 11.12 W, 0 %
2026/02/12 17:11:29.958, 10.54 W, 0 %
2026/02/12 17:11:30.958, 10.83 W, 0 %
2026/02/12 17:11:31.958, 10.75 W, 0 %
2026/02/12 17:11:32.958, 10.80 W, 0 %
2026/02/12 17:11:33.958, 10.58 W, 0 %
2026/02/12 17:11:34.958, 10.33 W, 0 %
2026/02/12 17:11:35.958, 10.56 W, 0 %
2026/02/12 17:11:36.959, 10.93 W, 0 %
2026/02/12 17:11:37.959, 10.76 W, 0 %
2026/02/12 17:11:38.959, 10.52 W, 0 %
2026/02/12 17:11:39.959, 10.44 W, 0 %
2026/02/12 17:11:40.959, 10.24 W, 0 %
2026/02/12 17:11:41.959, 10.38 W, 0 %
2026/02/12 17:11:42.959, 10.36 W, 0 %
2026/02/12 17:11:43.960, 10.38 W, 0 %
2026/02/12 17:11:44.960, 10.84 W, 0 %
2026/02/12 17:11:45.960, 11.02 W, 0 %
2026/02/12 17:11:46.960, 11.05 W, 0 %
2026/02/12 17:11:47.960, 10.92 W, 0 %
2026/02/12 17:11:48.960, 10.72 W, 0 %
2026/02/12 17:11:49.960, 10.41 W, 0 %
2026/02/12 17:11:50.961, 10.36 W, 0 %
2026/02/12 17:11:51.961, 10.90 W, 0 %
2026/02/12 17:11:52.961, 10.58 W, 0 %
2026/02/12 17:11:53.961, 11.03 W, 0 %
2026/02/12 17:11:54.961, 11.02 W, 0 %
2026/02/12 17:11:55.961, 11.12 W, 0 %
2026/02/12 17:11:56.961, 11.09 W, 0 %
2026/02/12 17:11:57.961, 10.97 W, 0 %
2026/02/12 17:11:58.962, 11.58 W, 0 %
2026/02/12 17:11:59.962, 11.45 W, 0 %
2026/02/12 17:12:00.962, 11.69 W, 0 %
2026/02/12 17:12:01.962, 11.59 W, 0 %
2026/02/12 17:12:02.962, 11.86 W, 0 %
2026/02/12 17:12:03.962, 11.59 W, 0 %
2026/02/12 17:12:04.963, 11.06 W, 0 %
2026/02/12 17:12:05.963, 10.84 W, 0 %
2026/02/12 17:12:06.963, 10.83 W, 0 %
2026/02/12 17:12:07.963, 10.87 W, 0 %
2026/02/12 17:12:08.963, 10.82 W, 0 %
2026/02/12 17:12:09.963, 11.11 W, 0 %
2026/02/12 17:12:10.963, 11.60 W, 0 %
2026/02/12 17:12:11.964, 11.77 W, 0 %
2026/02/12 17:12:12.964, 11.22 W, 0 %
2026/02/12 17:12:13.964, 11.99 W, 0 %
2026/02/12 17:12:14.964, 11.72 W, 0 %
2026/02/12 17:12:15.964, 11.07 W, 0 %
2026/02/12 17:12:16.964, 10.29 W, 0 %
2026/02/12 17:12:17.964, 10.29 W, 0 %
2026/02/12 17:12:18.964, 10.45 W, 0 %
2026/02/12 17:12:19.965, 10.85 W, 0 %
2026/02/12 17:12:20.965, 11.15 W, 0 %
2026/02/12 17:12:21.965, 11.10 W, 0 %
2026/02/12 17:12:22.965, 11.04 W, 0 %
2026/02/12 17:12:23.965, 10.73 W, 0 %
2026/02/12 17:12:24.965, 10.81 W, 0 %
2026/02/12 17:12:25.965, 11.17 W, 0 %
2026/02/12 17:12:26.965, 11.01 W, 0 %
2026/02/12 17:12:27.966, 10.93 W, 0 %
2026/02/12 17:12:28.966, 10.89 W, 0 %
2026/02/12 17:12:29.966, 10.62 W, 0 %
2026/02/12 17:12:30.966, 10.56 W, 0 %
2026/02/12 17:12:31.966, 10.81 W, 0 %
2026/02/12 17:12:32.966, 10.83 W, 0 %
2026/02/12 17:12:33.966, 10.57 W, 0 %
2026/02/12 17:12:34.967, 11.09 W, 0 %
2026/02/12 17:12:35.967, 10.81 W, 0 %
2026/02/12 17:12:36.967, 10.77 W, 0 %
2026/02/12 17:12:37.967, 10.91 W, 0 %
2026/02/12 17:12:38.967, 10.50 W, 0 %
2026/02/12 17:12:39.968, 10.86 W, 0 %
2026/02/12 17:12:40.968, 10.99 W, 0 %
2026/02/12 17:12:41.968, 10.70 W, 0 %
2026/02/12 17:12:42.968, 10.81 W, 0 %
2026/02/12 17:12:43.968, 10.72 W, 0 %
2026/02/12 17:12:44.968, 10.89 W, 0 %
2026/02/12 17:12:45.969, 10.97 W, 0 %
2026/02/12 17:12:46.969, 10.93 W, 0 %
2026/02/12 17:12:47.969, 11.10 W, 0 %
2026/02/12 17:12:48.969, 10.39 W, 0 %
2026/02/12 17:12:49.969, 10.32 W, 0 %
2026/02/12 17:12:50.969, 10.12 W, 0 %
2026/02/12 17:12:51.969, 10.18 W, 0 %
2026/02/12 17:12:52.970, 10.34 W, 0 %
2026/02/12 17:12:53.970, 10.66 W, 0 %
2026/02/12 17:12:54.970, 11.26 W, 0 %
2026/02/12 17:12:55.970, 11.78 W, 0 %
2026/02/12 17:12:56.970, 11.79 W, 0 %
2026/02/12 17:12:57.970, 11.98 W, 0 %
2026/02/12 17:12:58.971, 11.37 W, 0 %
2026/02/12 17:12:59.971, 11.20 W, 0 %
2026/02/12 17:13:00.971, 10.68 W, 0 %
2026/02/12 17:13:01.971, 10.71 W, 0 %
2026/02/12 17:13:02.971, 10.48 W, 0 %
2026/02/12 17:13:03.971, 10.85 W, 0 %
2026/02/12 17:13:04.971, 10.76 W, 0 %
2026/02/12 17:13:05.972, 10.82 W, 0 %
2026/02/12 17:13:06.972, 10.89 W, 0 %
2026/02/12 17:13:07.972, 10.81 W, 0 %
2026/02/12 17:13:08.972, 10.59 W, 0 %
2026/02/12 17:13:09.972, 10.85 W, 0 %
2026/02/12 17:13:10.972, 10.92 W, 0 %
2026/02/12 17:13:11.973, 10.84 W, 0 %
2026/02/12 17:13:12.973, 10.46 W, 0 %
2026/02/12 17:13:13.973, 10.51 W, 0 %
2026/02/12 17:13:14.973, 10.35 W, 0 %
2026/02/12 17:13:15.973, 10.25 W, 0 %
2026/02/12 17:13:16.973, 10.42 W, 0 %
2026/02/12 17:13:17.974, 11.00 W, 0 %
2026/02/12 17:13:18.974, 10.96 W, 0 %
2026/02/12 17:13:19.974, 10.62 W, 0 %
2026/02/12 17:13:20.974, 10.98 W, 0 %
2026/02/12 17:13:21.974, 11.14 W, 0 %
2026/02/12 17:13:22.974, 11.08 W, 0 %
2026/02/12 17:13:23.974, 11.17 W, 0 %
2026/02/12 17:13:24.975, 10.72 W, 0 %
2026/02/12 17:13:25.975, 10.87 W, 0 %
2026/02/12 17:13:26.975, 10.41 W, 0 %
2026/02/12 17:13:27.975, 10.35 W, 0 %
2026/02/12 17:13:28.975, 10.70 W, 0 %
2026/02/12 17:13:29.975, 11.03 W, 0 %
2026/02/12 17:13:30.975, 10.57 W, 0 %
2026/02/12 17:13:31.976, 10.30 W, 0 %
2026/02/12 17:13:32.976, 10.55 W, 0 %
2026/02/12 17:13:33.976, 10.77 W, 0 %
2026/02/12 17:13:34.976, 10.69 W, 0 %
2026/02/12 17:13:35.976, 10.56 W, 0 %
2026/02/12 17:13:36.976, 10.93 W, 0 %
2026/02/12 17:13:37.976, 11.18 W, 0 %
2026/02/12 17:13:38.977, 11.13 W, 0 %
2026/02/12 17:13:39.977, 10.97 W, 0 %
2026/02/12 17:13:40.977, 11.22 W, 0 %
2026/02/12 17:13:41.977, 11.45 W, 0 %
2026/02/12 17:13:42.977, 11.25 W, 0 %
2026/02/12 17:13:43.977, 10.98 W, 0 %
2026/02/12 17:13:44.977, 11.25 W, 0 %
2026/02/12 17:13:45.977, 11.48 W, 0 %
2026/02/12 17:13:46.978, 10.99 W, 0 %
2026/02/12 17:13:47.978, 10.25 W, 0 %
2026/02/12 17:13:48.978, 10.16 W, 0 %
2026/02/12 17:13:49.978, 10.08 W, 0 %
2026/02/12 17:13:50.978, 10.37 W, 0 %
2026/02/12 17:13:51.978, 10.60 W, 0 %
2026/02/12 17:13:52.978, 10.80 W, 0 %
2026/02/12 17:13:53.978, 11.31 W, 0 %
2026/02/12 17:13:54.979, 11.28 W, 0 %
2026/02/12 17:13:55.979, 10.61 W, 0 %
2026/02/12 17:13:56.979, 10.08 W, 0 %
2026/02/12 17:13:57.979, 9.63 W, 0 %
2026/02/12 17:13:58.979, 9.68 W, 0 %
2026/02/12 17:13:59.979, 9.94 W, 0 %
2026/02/12 17:14:00.980, 10.81 W, 0 %
2026/02/12 17:14:01.980, 11.25 W, 0 %
2026/02/12 17:14:02.980, 10.45 W, 0 %
2026/02/12 17:14:03.981, 10.62 W, 0 %
2026/02/12 17:14:04.981, 10.51 W, 0 %
2026/02/12 17:14:05.981, 10.06 W, 0 %
2026/02/12 17:14:06.981, 10.16 W, 0 %
2026/02/12 17:14:07.982, 10.40 W, 0 %
2026/02/12 17:14:08.982, 10.64 W, 0 %
2026/02/12 17:14:09.982, 10.47 W, 0 %
2026/02/12 17:14:10.982, 10.74 W, 0 %
2026/02/12 17:14:11.982, 10.72 W, 0 %
2026/02/12 17:14:12.982, 10.56 W, 0 %
2026/02/12 17:14:13.982, 10.97 W, 0 %
2026/02/12 17:14:14.982, 10.84 W, 0 %
2026/02/12 17:14:15.983, 11.01 W, 0 %
2026/02/12 17:14:16.983, 10.90 W, 0 %
2026/02/12 17:14:17.983, 11.02 W, 0 %
2026/02/12 17:14:18.983, 11.22 W, 0 %
2026/02/12 17:14:19.983, 11.14 W, 0 %
2026/02/12 17:14:20.983, 10.79 W, 0 %
2026/02/12 17:14:21.984, 10.13 W, 0 %
2026/02/12 17:14:22.984, 9.76 W, 0 %
2026/02/12 17:14:23.984, 10.28 W, 0 %
2026/02/12 17:14:24.984, 10.31 W, 0 %
2026/02/12 17:14:25.984, 10.55 W, 0 %
2026/02/12 17:14:26.985, 10.43 W, 0 %
2026/02/12 17:14:27.985, 10.11 W, 0 %
2026/02/12 17:14:28.985, 10.54 W, 0 %
2026/02/12 17:14:29.985, 11.40 W, 0 %
2026/02/12 17:14:30.985, 11.33 W, 0 %
2026/02/12 17:14:31.985, 11.28 W, 0 %
2026/02/12 17:14:32.986, 10.85 W, 0 %
2026/02/12 17:14:33.986, 10.49 W, 0 %
2026/02/12 17:14:34.986, 10.85 W, 0 %
2026/02/12 17:14:35.986, 10.94 W, 0 %
2026/02/12 17:14:36.986, 10.31 W, 0 %
2026/02/12 17:14:37.986, 9.91 W, 0 %
2026/02/12 17:14:38.986, 9.51 W, 0 %
2026/02/12 17:14:39.987, 10.11 W, 0 %
2026/02/12 17:14:40.987, 10.83 W, 0 %
2026/02/12 17:14:41.987, 10.89 W, 0 %
2026/02/12 17:14:42.987, 10.86 W, 0 %
2026/02/12 17:14:43.987, 10.22 W, 0 %
2026/02/12 17:14:44.987, 9.94 W, 0 %
2026/02/12 17:14:45.987, 10.65 W, 0 %
2026/02/12 17:14:46.988, 10.76 W, 0 %
2026/02/12 17:14:47.988, 10.81 W, 0 %
2026/02/12 17:14:48.988, 10.65 W, 0 %
2026/02/12 17:14:49.988, 10.59 W, 0 %
2026/02/12 17:14:50.988, 10.83 W, 0 %
2026/02/12 17:14:51.988, 11.30 W, 0 %
2026/02/12 17:14:52.988, 10.99 W, 0 %
2026/02/12 17:14:53.989, 10.50 W, 0 %
2026/02/12 17:14:54.989, 9.95 W, 0 %
2026/02/12 17:14:55.989, 10.36 W, 0 %
2026/02/12 17:14:56.989, 10.92 W, 0 %
2026/02/12 17:14:57.989, 11.29 W, 0 %
2026/02/12 17:14:58.989, 10.94 W, 0 %
2026/02/12 17:14:59.989, 10.33 W, 0 %
2026/02/12 17:15:00.990, 10.31 W, 0 %
2026/02/12 17:15:01.990, 10.21 W, 0 %
2026/02/12 17:15:02.990, 10.54 W, 0 %
2026/02/12 17:15:03.990, 10.58 W, 0 %
2026/02/12 17:15:04.990, 11.01 W, 0 %
2026/02/12 17:15:05.990, 11.00 W, 0 %
2026/02/12 17:15:06.991, 11.15 W, 0 %
2026/02/12 17:15:07.991, 10.78 W, 0 %
2026/02/12 17:15:08.991, 10.55 W, 0 %
2026/02/12 17:15:09.991, 10.73 W, 0 %
2026/02/12 17:15:10.991, 10.61 W, 0 %
2026/02/12 17:15:11.991, 10.43 W, 0 %
2026/02/12 17:15:12.992, 10.26 W, 0 %
2026/02/12 17:15:13.992, 11.11 W, 0 %
2026/02/12 17:15:14.992, 11.15 W, 0 %
2026/02/12 17:15:15.992, 10.88 W, 0 %
2026/02/12 17:15:16.992, 10.37 W, 0 %
2026/02/12 17:15:17.992, 10.09 W, 0 %
2026/02/12 17:15:18.992, 10.18 W, 0 %
2026/02/12 17:15:19.993, 10.42 W, 0 %
2026/02/12 17:15:20.993, 10.51 W, 0 %
2026/02/12 17:15:21.993, 10.99 W, 0 %
2026/02/12 17:15:22.993, 11.05 W, 0 %
2026/02/12 17:15:23.993, 10.66 W, 0 %
2026/02/12 17:15:24.993, 10.43 W, 0 %
2026/02/12 17:15:25.994, 10.68 W, 0 %
2026/02/12 17:15:26.994, 10.94 W, 0 %
2026/02/12 17:15:27.994, 10.93 W, 0 %
2026/02/12 17:15:28.994, 11.07 W, 0 %
2026/02/12 17:15:29.994, 10.83 W, 0 %
2026/02/12 17:15:30.995, 10.60 W, 0 %
2026/02/12 17:15:31.995, 10.66 W, 0 %
2026/02/12 17:15:32.995, 10.35 W, 0 %
2026/02/12 17:15:33.995, 9.93 W, 0 %
2026/02/12 17:15:34.995, 9.99 W, 0 %
2026/02/12 17:15:35.995, 10.21 W, 0 %
2026/02/12 17:15:36.995, 10.41 W, 0 %
2026/02/12 17:15:37.996, 10.44 W, 0 %
2026/02/12 17:15:38.996, 10.40 W, 0 %
2026/02/12 17:15:39.996, 10.75 W, 0 %
2026/02/12 17:15:40.996, 10.78 W, 0 %
2026/02/12 17:15:41.996, 10.96 W, 0 %
2026/02/12 17:15:42.996, 12.09 W, 0 %
2026/02/12 17:15:43.996, 12.02 W, 0 %
2026/02/12 17:15:44.997, 11.52 W, 0 %
2026/02/12 17:15:45.997, 10.87 W, 0 %
2026/02/12 17:15:46.997, 10.64 W, 0 %
2026/02/12 17:15:47.997, 11.47 W, 0 %
2026/02/12 17:15:48.997, 11.64 W, 0 %
2026/02/12 17:15:49.997, 11.47 W, 0 %
2026/02/12 17:15:50.997, 11.47 W, 0 %
2026/02/12 17:15:51.997, 11.48 W, 0 %
2026/02/12 17:15:52.998, 11.21 W, 0 %
2026/02/12 17:15:53.998, 10.71 W, 0 %
2026/02/12 17:15:54.998, 11.13 W, 0 %
2026/02/12 17:15:55.998, 10.65 W, 0 %
2026/02/12 17:15:56.998, 10.61 W, 0 %
2026/02/12 17:15:57.999, 10.59 W, 0 %
2026/02/12 17:15:58.999, 10.31 W, 0 %
2026/02/12 17:15:59.999, 10.15 W, 0 %
2026/02/12 17:16:00.999, 10.25 W, 0 %
2026/02/12 17:16:01.999, 10.12 W, 0 %
2026/02/12 17:16:02.999, 9.76 W, 0 %
2026/02/12 17:16:03.999, 9.81 W, 0 %
2026/02/12 17:16:05.000, 9.76 W, 0 %
2026/02/12 17:16:06.000, 9.73 W, 0 %
2026/02/12 17:16:07.000, 9.71 W, 0 %
2026/02/12 17:16:08.000, 9.57 W, 0 %
2026/02/12 17:16:09.000, 9.66 W, 0 %
2026/02/12 17:16:10.001, 10.61 W, 0 %
2026/02/12 17:16:11.001, 10.62 W, 0 %
2026/02/12 17:16:12.001, 10.90 W, 0 %
2026/02/12 17:16:13.001, 11.03 W, 0 %
2026/02/12 17:16:14.001, 10.95 W, 0 %
2026/02/12 17:16:15.001, 11.01 W, 0 %
2026/02/12 17:16:16.002, 11.22 W, 0 %
2026/02/12 17:16:17.002, 10.40 W, 0 %
2026/02/12 17:16:18.002, 10.40 W, 0 %
2026/02/12 17:16:19.002, 10.04 W, 0 %
2026/02/12 17:16:20.002, 10.19 W, 0 %
2026/02/12 17:16:21.002, 10.34 W, 0 %
2026/02/12 17:16:22.002, 10.10 W, 0 %
2026/02/12 17:16:23.003, 9.73 W, 0 %
2026/02/12 17:16:24.003, 10.42 W, 0 %
2026/02/12 17:16:25.003, 10.06 W, 0 %
2026/02/12 17:16:26.003, 9.93 W, 0 %
2026/02/12 17:16:27.003, 10.28 W, 0 %
2026/02/12 17:16:28.003, 10.93 W, 0 %
2026/02/12 17:16:29.004, 10.74 W, 0 %
2026/02/12 17:16:30.004, 10.22 W, 0 %
2026/02/12 17:16:31.004, 10.76 W, 0 %
2026/02/12 17:16:32.004, 10.99 W, 0 %
2026/02/12 17:16:33.004, 10.79 W, 0 %
2026/02/12 17:16:34.004, 10.46 W, 0 %
2026/02/12 17:16:35.005, 9.95 W, 0 %
2026/02/12 17:16:36.005, 9.97 W, 0 %
2026/02/12 17:16:37.005, 10.46 W, 0 %
2026/02/12 17:16:38.005, 11.51 W, 0 %
2026/02/12 17:16:39.005, 11.34 W, 0 %
2026/02/12 17:16:40.005, 11.12 W, 0 %
2026/02/12 17:16:41.006, 10.78 W, 0 %
2026/02/12 17:16:42.006, 10.67 W, 0 %
2026/02/12 17:16:43.006, 10.43 W, 0 %
2026/02/12 17:16:44.006, 10.15 W, 0 %
2026/02/12 17:16:45.006, 10.17 W, 0 %
2026/02/12 17:16:46.006, 10.98 W, 0 %
2026/02/12 17:16:47.006, 10.99 W, 0 %
2026/02/12 17:16:48.007, 10.68 W, 0 %
2026/02/12 17:16:49.007, 10.44 W, 0 %
2026/02/12 17:16:50.007, 10.47 W, 0 %
2026/02/12 17:16:51.007, 10.17 W, 0 %
2026/02/12 17:16:52.007, 9.85 W, 0 %
2026/02/12 17:16:53.007, 9.95 W, 0 %
2026/02/12 17:16:54.008, 9.76 W, 0 %
2026/02/12 17:16:55.008, 10.65 W, 0 %
2026/02/12 17:16:56.008, 11.08 W, 0 %
2026/02/12 17:16:57.008, 10.83 W, 0 %
2026/02/12 17:16:58.008, 10.60 W, 0 %
2026/02/12 17:16:59.008, 11.20 W, 0 %
2026/02/12 17:17:00.009, 10.88 W, 0 %
2026/02/12 17:17:01.009, 10.39 W, 0 %
2026/02/12 17:17:02.009, 10.27 W, 0 %
2026/02/12 17:17:03.009, 10.41 W, 0 %
2026/02/12 17:17:04.009, 11.01 W, 0 %
2026/02/12 17:17:05.009, 11.41 W, 0 %
2026/02/12 17:17:06.009, 10.88 W, 0 %
2026/02/12 17:17:07.010, 10.31 W, 0 %
2026/02/12 17:17:08.010, 10.26 W, 0 %
2026/02/12 17:17:09.010, 9.79 W, 0 %
2026/02/12 17:17:10.010, 9.95 W, 0 %
2026/02/12 17:17:11.010, 10.29 W, 0 %
2026/02/12 17:17:12.011, 10.53 W, 0 %
2026/02/12 17:17:13.011, 10.58 W, 0 %
2026/02/12 17:17:14.011, 10.69 W, 0 %
2026/02/12 17:17:15.011, 10.32 W, 0 %
2026/02/12 17:17:16.011, 10.43 W, 0 %
2026/02/12 17:17:17.011, 10.39 W, 0 %
2026/02/12 17:17:18.011, 10.37 W, 0 %
2026/02/12 17:17:19.012, 10.40 W, 0 %
2026/02/12 17:17:20.012, 10.43 W, 0 %
2026/02/12 17:17:21.012, 10.71 W, 0 %
2026/02/12 17:17:22.012, 10.05 W, 0 %
2026/02/12 17:17:23.012, 9.77 W, 0 %
2026/02/12 17:17:24.012, 9.99 W, 0 %
2026/02/12 17:17:25.012, 10.58 W, 0 %
2026/02/12 17:17:26.012, 11.18 W, 0 %
2026/02/12 17:17:27.013, 11.27 W, 0 %
2026/02/12 17:17:28.013, 11.02 W, 0 %
2026/02/12 17:17:29.013, 10.14 W, 0 %
2026/02/12 17:17:30.013, 10.15 W, 0 %
2026/02/12 17:17:31.013, 10.31 W, 0 %
2026/02/12 17:17:32.013, 10.40 W, 0 %
2026/02/12 17:17:33.014, 10.75 W, 0 %
2026/02/12 17:17:34.014, 11.16 W, 0 %
2026/02/12 17:17:35.014, 11.40 W, 0 %
2026/02/12 17:17:36.014, 11.25 W, 0 %
2026/02/12 17:17:37.014, 11.17 W, 0 %
2026/02/12 17:17:38.014, 11.06 W, 0 %
2026/02/12 17:17:39.015, 11.07 W, 0 %
2026/02/12 17:17:40.015, 11.18 W, 0 %
2026/02/12 17:17:41.015, 11.13 W, 0 %
2026/02/12 17:17:42.015, 10.84 W, 0 %
2026/02/12 17:17:43.015, 10.77 W, 0 %
2026/02/12 17:17:44.015, 10.96 W, 0 %
2026/02/12 17:17:45.016, 11.13 W, 0 %
2026/02/12 17:17:46.016, 10.92 W, 0 %
2026/02/12 17:17:47.016, 10.68 W, 0 %
2026/02/12 17:17:48.016, 10.65 W, 0 %
2026/02/12 17:17:49.016, 10.96 W, 0 %
2026/02/12 17:17:50.016, 11.09 W, 0 %
2026/02/12 17:17:51.017, 10.93 W, 0 %
2026/02/12 17:17:52.017, 11.29 W, 0 %
2026/02/12 17:17:53.017, 10.70 W, 0 %
2026/02/12 17:17:54.017, 10.37 W, 0 %
2026/02/12 17:17:55.017, 10.83 W, 0 %
2026/02/12 17:17:56.017, 11.03 W, 0 %
2026/02/12 17:17:57.018, 10.60 W, 0 %
2026/02/12 17:17:58.018, 10.66 W, 0 %
2026/02/12 17:17:59.018, 10.70 W, 0 %
2026/02/12 17:18:00.018, 10.63 W, 0 %
2026/02/12 17:18:01.018, 10.02 W, 0 %
2026/02/12 17:18:02.018, 9.97 W, 0 %
2026/02/12 17:18:03.018, 9.91 W, 0 %
2026/02/12 17:18:04.019, 10.52 W, 0 %
2026/02/12 17:18:05.019, 9.82 W, 0 %
2026/02/12 17:18:06.019, 9.65 W, 0 %
2026/02/12 17:18:07.019, 10.02 W, 0 %
2026/02/12 17:18:08.019, 10.56 W, 0 %
2026/02/12 17:18:09.019, 10.74 W, 0 %
2026/02/12 17:18:10.020, 10.83 W, 0 %
2026/02/12 17:18:11.020, 11.08 W, 0 %
2026/02/12 17:18:12.020, 10.77 W, 0 %
2026/02/12 17:18:13.020, 10.38 W, 0 %
2026/02/12 17:18:14.020, 11.12 W, 0 %
2026/02/12 17:18:15.020, 10.94 W, 0 %
2026/02/12 17:18:16.020, 10.68 W, 0 %
2026/02/12 17:18:17.021, 10.90 W, 0 %
2026/02/12 17:18:18.021, 11.52 W, 0 %
2026/02/12 17:18:19.021, 10.91 W, 0 %
2026/02/12 17:18:20.021, 10.61 W, 0 %
2026/02/12 17:18:21.021, 10.19 W, 0 %
2026/02/12 17:18:22.021, 10.76 W, 0 %
2026/02/12 17:18:23.022, 11.44 W, 0 %
2026/02/12 17:18:24.022, 11.46 W, 0 %
2026/02/12 17:18:25.022, 11.21 W, 0 %
2026/02/12 17:18:26.022, 11.01 W, 0 %
2026/02/12 17:18:27.022, 11.22 W, 0 %
2026/02/12 17:18:28.022, 11.66 W, 0 %
2026/02/12 17:18:29.023, 11.27 W, 0 %
2026/02/12 17:18:30.023, 11.61 W, 0 %
2026/02/12 17:18:31.023, 12.02 W, 0 %
2026/02/12 17:18:32.023, 11.44 W, 0 %
2026/02/12 17:18:33.023, 11.70 W, 0 %
2026/02/12 17:18:34.023, 11.52 W, 0 %
2026/02/12 17:18:35.023, 12.00 W, 0 %
2026/02/12 17:18:36.024, 12.07 W, 0 %
2026/02/12 17:18:37.024, 11.95 W, 0 %
2026/02/12 17:18:38.024, 11.79 W, 0 %
2026/02/12 17:18:39.024, 11.92 W, 0 %
2026/02/12 17:18:40.024, 12.05 W, 0 %
2026/02/12 17:18:41.024, 11.80 W, 0 %
2026/02/12 17:18:42.025, 11.15 W, 0 %
2026/02/12 17:18:43.025, 11.01 W, 0 %
2026/02/12 17:18:44.025, 11.43 W, 0 %
2026/02/12 17:18:45.025, 11.76 W, 0 %
2026/02/12 17:18:46.025, 11.90 W, 0 %
2026/02/12 17:18:47.025, 12.23 W, 0 %
2026/02/12 17:18:48.026, 11.13 W, 0 %
2026/02/12 17:18:49.026, 10.91 W, 0 %
2026/02/12 17:18:50.026, 11.18 W, 0 %
2026/02/12 17:18:51.026, 11.57 W, 0 %
2026/02/12 17:18:52.026, 11.55 W, 0 %
2026/02/12 17:18:53.026, 11.23 W, 0 %
2026/02/12 17:18:54.027, 11.28 W, 0 %
2026/02/12 17:18:55.027, 11.57 W, 0 %
2026/02/12 17:18:56.027, 11.77 W, 0 %
2026/02/12 17:18:57.027, 11.70 W, 0 %
2026/02/12 17:18:58.027, 11.59 W, 0 %
2026/02/12 17:18:59.027, 11.08 W, 0 %
2026/02/12 17:19:00.028, 10.99 W, 0 %
2026/02/12 17:19:01.028, 11.82 W, 0 %
2026/02/12 17:19:02.028, 12.53 W, 0 %
2026/02/12 17:19:03.028, 12.49 W, 0 %
2026/02/12 17:19:04.028, 11.72 W, 0 %
2026/02/12 17:19:05.028, 12.13 W, 0 %
2026/02/12 17:19:06.028, 12.45 W, 0 %
2026/02/12 17:19:07.029, 12.07 W, 0 %
2026/02/12 17:19:08.029, 12.17 W, 0 %
2026/02/12 17:19:09.029, 12.24 W, 0 %
2026/02/12 17:19:10.029, 11.80 W, 0 %
2026/02/12 17:19:11.029, 11.48 W, 0 %
2026/02/12 17:19:12.029, 11.76 W, 0 %
2026/02/12 17:19:13.030, 11.53 W, 0 %
2026/02/12 17:19:14.030, 10.85 W, 0 %
2026/02/12 17:19:15.030, 10.99 W, 0 %
2026/02/12 17:19:16.030, 10.84 W, 0 %
2026/02/12 17:19:17.030, 10.62 W, 0 %
2026/02/12 17:19:18.030, 10.65 W, 0 %
2026/02/12 17:19:19.031, 10.97 W, 0 %
2026/02/12 17:19:20.031, 11.38 W, 0 %
2026/02/12 17:19:21.031, 10.99 W, 0 %
2026/02/12 17:19:22.031, 10.67 W, 0 %
2026/02/12 17:19:23.031, 11.13 W, 0 %
2026/02/12 17:19:24.031, 11.16 W, 0 %
2026/02/12 17:19:25.031, 11.24 W, 0 %
2026/02/12 17:19:26.032, 11.44 W, 0 %
2026/02/12 17:19:27.032, 11.35 W, 0 %
2026/02/12 17:19:28.032, 11.19 W, 0 %
2026/02/12 17:19:29.032, 11.40 W, 0 %
2026/02/12 17:19:30.032, 11.46 W, 0 %
2026/02/12 17:19:31.032, 12.11 W, 0 %
2026/02/12 17:19:32.033, 11.99 W, 0 %
2026/02/12 17:19:33.033, 11.71 W, 0 %
2026/02/12 17:19:34.033, 11.35 W, 0 %
2026/02/12 17:19:35.033, 11.07 W, 0 %
2026/02/12 17:19:36.033, 11.18 W, 0 %
2026/02/12 17:19:37.033, 11.28 W, 0 %
2026/02/12 17:19:38.033, 11.35 W, 0 %
2026/02/12 17:19:39.034, 11.56 W, 0 %
2026/02/12 17:19:40.034, 11.56 W, 0 %
2026/02/12 17:19:41.034, 11.69 W, 0 %
2026/02/12 17:19:42.034, 11.88 W, 0 %
2026/02/12 17:19:43.034, 11.69 W, 0 %
2026/02/12 17:19:44.034, 11.29 W, 0 %
2026/02/12 17:19:45.034, 10.52 W, 0 %
2026/02/12 17:19:46.035, 10.95 W, 0 %
2026/02/12 17:19:47.035, 11.07 W, 0 %
2026/02/12 17:19:48.035, 11.08 W, 0 %
2026/02/12 17:19:49.035, 11.34 W, 0 %
2026/02/12 17:19:50.035, 11.47 W, 0 %
2026/02/12 17:19:51.035, 11.40 W, 0 %
2026/02/12 17:19:52.036, 11.88 W, 0 %
2026/02/12 17:19:53.036, 11.59 W, 0 %
2026/02/12 17:19:54.036, 11.28 W, 0 %
2026/02/12 17:19:55.036, 10.94 W, 0 %
2026/02/12 17:19:56.036, 10.70 W, 0 %
2026/02/12 17:19:57.036, 10.90 W, 0 %
2026/02/12 17:19:58.037, 11.17 W, 0 %
2026/02/12 17:19:59.037, 11.23 W, 0 %
2026/02/12 17:20:00.037, 11.18 W, 0 %
2026/02/12 17:20:01.037, 10.95 W, 0 %
2026/02/12 17:20:02.037, 10.82 W, 0 %
2026/02/12 17:20:03.037, 11.13 W, 0 %
2026/02/12 17:20:04.038, 11.07 W, 0 %
2026/02/12 17:20:05.038, 11.09 W, 0 %
2026/02/12 17:20:06.038, 11.07 W, 0 %
2026/02/12 17:20:07.038, 10.67 W, 0 %
2026/02/12 17:20:08.038, 10.19 W, 0 %
2026/02/12 17:20:09.038, 10.15 W, 0 %
2026/02/12 17:20:10.039, 10.28 W, 0 %
2026/02/12 17:20:11.039, 10.80 W, 0 %
2026/02/12 17:20:12.039, 11.64 W, 0 %
2026/02/12 17:20:13.039, 11.93 W, 0 %
2026/02/12 17:20:14.039, 11.52 W, 0 %
2026/02/12 17:20:15.039, 10.62 W, 0 %
2026/02/12 17:20:16.039, 10.58 W, 0 %
2026/02/12 17:20:17.040, 10.75 W, 0 %
2026/02/12 17:20:18.040, 10.98 W, 0 %
2026/02/12 17:20:19.040, 10.79 W, 0 %
2026/02/12 17:20:20.040, 10.45 W, 0 %
2026/02/12 17:20:21.040, 10.83 W, 0 %
2026/02/12 17:20:22.040, 11.18 W, 0 %
2026/02/12 17:20:23.041, 11.09 W, 0 %
2026/02/12 17:20:24.041, 10.73 W, 0 %
2026/02/12 17:20:25.041, 10.68 W, 0 %
2026/02/12 17:20:26.041, 11.26 W, 0 %
2026/02/12 17:20:27.041, 11.36 W, 0 %
2026/02/12 17:20:28.041, 11.53 W, 0 %
2026/02/12 17:20:29.042, 11.80 W, 0 %
2026/02/12 17:20:30.042, 11.47 W, 0 %
2026/02/12 17:20:31.042, 11.31 W, 0 %
2026/02/12 17:20:32.042, 10.98 W, 0 %
2026/02/12 17:20:33.042, 10.45 W, 0 %
2026/02/12 17:20:34.042, 10.20 W, 0 %
2026/02/12 17:20:35.042, 11.53 W, 0 %
2026/02/12 17:20:36.043, 11.75 W, 0 %
2026/02/12 17:20:37.043, 11.75 W, 0 %
2026/02/12 17:20:38.043, 11.52 W, 0 %
2026/02/12 17:20:39.043, 11.64 W, 0 %
2026/02/12 17:20:40.043, 12.20 W, 0 %
2026/02/12 17:20:41.044, 12.12 W, 0 %
2026/02/12 17:20:42.044, 11.92 W, 0 %
2026/02/12 17:20:43.044, 11.58 W, 0 %
2026/02/12 17:20:44.044, 11.41 W, 0 %
2026/02/12 17:20:45.044, 11.61 W, 0 %
2026/02/12 17:20:46.044, 11.61 W, 0 %
2026/02/12 17:20:47.045, 10.98 W, 0 %
2026/02/12 17:20:48.045, 10.63 W, 0 %
2026/02/12 17:20:49.045, 10.40 W, 0 %
2026/02/12 17:20:50.045, 10.31 W, 0 %
2026/02/12 17:20:51.045, 9.89 W, 0 %
2026/02/12 17:20:52.045, 9.91 W, 0 %
2026/02/12 17:20:53.046, 9.90 W, 0 %
2026/02/12 17:20:54.046, 9.95 W, 0 %
2026/02/12 17:20:55.046, 9.81 W, 0 %
2026/02/12 17:20:56.046, 9.59 W, 0 %
2026/02/12 17:20:57.046, 10.04 W, 0 %
2026/02/12 17:20:58.046, 10.08 W, 0 %
2026/02/12 17:20:59.046, 10.26 W, 0 %
2026/02/12 17:21:00.047, 9.89 W, 0 %
2026/02/12 17:21:01.047, 10.03 W, 0 %
2026/02/12 17:21:02.047, 10.37 W, 0 %
2026/02/12 17:21:03.047, 10.21 W, 0 %
2026/02/12 17:21:04.047, 10.22 W, 0 %
2026/02/12 17:21:05.047, 10.23 W, 0 %
2026/02/12 17:21:06.048, 10.25 W, 0 %
2026/02/12 17:21:07.048, 10.45 W, 0 %
2026/02/12 17:21:08.048, 10.70 W, 0 %
2026/02/12 17:21:09.048, 10.67 W, 0 %
2026/02/12 17:21:10.048, 10.32 W, 0 %
2026/02/12 17:21:11.048, 9.99 W, 0 %
2026/02/12 17:21:12.049, 10.23 W, 0 %
2026/02/12 17:21:13.049, 9.93 W, 0 %
2026/02/12 17:21:14.049, 9.92 W, 0 %
2026/02/12 17:21:15.049, 10.09 W, 0 %
2026/02/12 17:21:16.049, 10.15 W, 0 %
2026/02/12 17:21:17.049, 10.28 W, 0 %
2026/02/12 17:21:18.049, 10.56 W, 0 %
2026/02/12 17:21:19.050, 10.66 W, 0 %
2026/02/12 17:21:20.050, 10.50 W, 0 %
2026/02/12 17:21:21.050, 10.49 W, 0 %
2026/02/12 17:21:22.050, 10.53 W, 0 %
2026/02/12 17:21:23.050, 11.09 W, 0 %
2026/02/12 17:21:24.050, 11.21 W, 0 %
2026/02/12 17:21:25.050, 10.82 W, 0 %
2026/02/12 17:21:26.051, 10.85 W, 0 %
2026/02/12 17:21:27.051, 10.96 W, 0 %
2026/02/12 17:21:28.051, 10.86 W, 0 %
2026/02/12 17:21:29.051, 10.57 W, 0 %
2026/02/12 17:21:30.051, 10.26 W, 0 %
2026/02/12 17:21:31.051, 10.47 W, 0 %
2026/02/12 17:21:32.052, 11.46 W, 0 %
2026/02/12 17:21:33.052, 11.47 W, 0 %
2026/02/12 17:21:34.052, 10.79 W, 0 %
2026/02/12 17:21:35.052, 11.04 W, 0 %
2026/02/12 17:21:36.052, 11.46 W, 0 %
2026/02/12 17:21:37.052, 11.41 W, 0 %
2026/02/12 17:21:38.053, 11.38 W, 0 %
2026/02/12 17:21:39.053, 11.71 W, 0 %
2026/02/12 17:21:40.053, 12.35 W, 0 %
2026/02/12 17:21:41.053, 11.81 W, 0 %
2026/02/12 17:21:42.053, 11.69 W, 0 %
2026/02/12 17:21:43.053, 11.25 W, 0 %
2026/02/12 17:21:44.054, 10.82 W, 0 %
2026/02/12 17:21:45.054, 10.51 W, 0 %
2026/02/12 17:21:46.054, 10.29 W, 0 %
2026/02/12 17:21:47.054, 10.31 W, 0 %
2026/02/12 17:21:48.054, 10.29 W, 0 %
2026/02/12 17:21:49.054, 10.75 W, 0 %
2026/02/12 17:21:50.055, 11.11 W, 0 %
2026/02/12 17:21:51.055, 11.48 W, 0 %
2026/02/12 17:21:52.055, 11.00 W, 0 %
2026/02/12 17:21:53.055, 10.37 W, 0 %
2026/02/12 17:21:54.055, 10.83 W, 0 %
2026/02/12 17:21:55.055, 10.81 W, 0 %
2026/02/12 17:21:56.056, 10.75 W, 0 %
2026/02/12 17:21:57.056, 10.79 W, 0 %
2026/02/12 17:21:58.056, 10.60 W, 0 %
2026/02/12 17:21:59.056, 10.30 W, 0 %
2026/02/12 17:22:00.056, 10.72 W, 0 %
2026/02/12 17:22:01.057, 10.88 W, 0 %
2026/02/12 17:22:02.057, 10.73 W, 0 %
2026/02/12 17:22:03.057, 11.11 W, 0 %
2026/02/12 17:22:04.057, 11.04 W, 0 %
2026/02/12 17:22:05.057, 11.12 W, 0 %
2026/02/12 17:22:06.057, 11.33 W, 0 %
2026/02/12 17:22:07.058, 11.41 W, 0 %
2026/02/12 17:22:08.058, 11.35 W, 0 %
2026/02/12 17:22:09.058, 10.94 W, 0 %
2026/02/12 17:22:10.058, 10.90 W, 0 %
2026/02/12 17:22:11.058, 10.89 W, 0 %
2026/02/12 17:22:12.058, 10.51 W, 0 %
2026/02/12 17:22:13.059, 10.60 W, 0 %
2026/02/12 17:22:14.059, 11.13 W, 0 %
2026/02/12 17:22:15.059, 10.87 W, 0 %
2026/02/12 17:22:16.059, 10.81 W, 0 %
2026/02/12 17:22:17.059, 10.60 W, 0 %
2026/02/12 17:22:18.059, 10.57 W, 0 %
2026/02/12 17:22:19.060, 10.48 W, 0 %
2026/02/12 17:22:20.060, 10.48 W, 0 %
2026/02/12 17:22:21.060, 10.48 W, 0 %
2026/02/12 17:22:22.060, 10.43 W, 0 %
2026/02/12 17:22:23.060, 10.69 W, 0 %
2026/02/12 17:22:24.060, 10.38 W, 0 %
2026/02/12 17:22:25.061, 10.34 W, 0 %
2026/02/12 17:22:26.061, 10.35 W, 0 %
2026/02/12 17:22:27.061, 10.54 W, 0 %
2026/02/12 17:22:28.061, 10.60 W, 0 %
2026/02/12 17:22:29.061, 10.82 W, 0 %
2026/02/12 17:22:30.061, 11.17 W, 0 %
2026/02/12 17:22:31.061, 11.10 W, 0 %
2026/02/12 17:22:32.061, 10.48 W, 0 %
2026/02/12 17:22:33.062, 10.73 W, 0 %
2026/02/12 17:22:34.062, 10.90 W, 0 %
2026/02/12 17:22:35.062, 10.78 W, 0 %
2026/02/12 17:22:36.062, 10.70 W, 0 %
2026/02/12 17:22:37.062, 10.84 W, 0 %
2026/02/12 17:22:38.062, 10.59 W, 0 %
2026/02/12 17:22:39.062, 10.89 W, 0 %
2026/02/12 17:22:40.063, 10.90 W, 0 %
2026/02/12 17:22:41.063, 10.40 W, 0 %
2026/02/12 17:22:42.063, 10.06 W, 0 %
2026/02/12 17:22:43.063, 10.17 W, 0 %
2026/02/12 17:22:44.063, 10.52 W, 0 %
2026/02/12 17:22:45.063, 11.70 W, 0 %
2026/02/12 17:22:46.064, 12.22 W, 0 %
2026/02/12 17:22:47.064, 12.30 W, 0 %
2026/02/12 17:22:48.064, 12.31 W, 0 %
2026/02/12 17:22:49.064, 12.34 W, 0 %
2026/02/12 17:22:50.064, 11.81 W, 0 %
2026/02/12 17:22:51.064, 10.50 W, 0 %
2026/02/12 17:22:52.065, 10.60 W, 0 %
2026/02/12 17:22:53.065, 10.58 W, 0 %
2026/02/12 17:22:54.065, 10.41 W, 0 %
2026/02/12 17:22:55.065, 10.23 W, 0 %
2026/02/12 17:22:56.065, 10.39 W, 0 %
2026/02/12 17:22:57.065, 10.81 W, 0 %
2026/02/12 17:22:58.066, 10.76 W, 0 %
2026/02/12 17:22:59.066, 10.92 W, 0 %
2026/02/12 17:23:00.066, 10.61 W, 0 %
2026/02/12 17:23:01.066, 11.12 W, 0 %
2026/02/12 17:23:02.066, 10.99 W, 0 %
2026/02/12 17:23:03.066, 10.62 W, 0 %
2026/02/12 17:23:04.066, 10.49 W, 0 %
2026/02/12 17:23:05.066, 10.53 W, 0 %
2026/02/12 17:23:06.067, 10.43 W, 0 %
2026/02/12 17:23:07.067, 11.10 W, 0 %
2026/02/12 17:23:08.067, 10.93 W, 0 %
2026/02/12 17:23:09.067, 10.61 W, 0 %
2026/02/12 17:23:10.067, 10.35 W, 0 %
2026/02/12 17:23:11.067, 10.54 W, 0 %
2026/02/12 17:23:12.067, 10.88 W, 0 %
2026/02/12 17:23:13.068, 10.72 W, 0 %
2026/02/12 17:23:14.068, 10.62 W, 0 %
2026/02/12 17:23:15.068, 10.44 W, 0 %
2026/02/12 17:23:16.068, 10.84 W, 0 %
2026/02/12 17:23:17.068, 11.10 W, 0 %
2026/02/12 17:23:18.068, 10.91 W, 0 %
2026/02/12 17:23:19.069, 10.46 W, 0 %
2026/02/12 17:23:20.069, 10.61 W, 0 %
2026/02/12 17:23:21.069, 10.87 W, 0 %
2026/02/12 17:23:22.069, 10.63 W, 0 %
2026/02/12 17:23:23.069, 10.54 W, 0 %
2026/02/12 17:23:24.069, 10.48 W, 0 %
2026/02/12 17:23:25.070, 10.32 W, 0 %
2026/02/12 17:23:26.070, 10.32 W, 0 %
2026/02/12 17:23:27.070, 11.19 W, 0 %
2026/02/12 17:23:28.070, 11.34 W, 0 %
2026/02/12 17:23:29.070, 11.35 W, 0 %
2026/02/12 17:23:30.070, 11.18 W, 0 %
2026/02/12 17:23:31.071, 10.74 W, 0 %
2026/02/12 17:23:32.071, 10.09 W, 0 %
2026/02/12 17:23:33.071, 10.20 W, 0 %
2026/02/12 17:23:34.071, 10.94 W, 0 %
2026/02/12 17:23:35.071, 11.11 W, 0 %
2026/02/12 17:23:36.071, 11.69 W, 0 %
2026/02/12 17:23:37.071, 11.59 W, 0 %
2026/02/12 17:23:38.072, 11.44 W, 0 %
2026/02/12 17:23:39.072, 11.45 W, 0 %
2026/02/12 17:23:40.072, 11.39 W, 0 %
2026/02/12 17:23:41.072, 11.09 W, 0 %
2026/02/12 17:23:42.072, 11.08 W, 0 %
2026/02/12 17:23:43.072, 11.10 W, 0 %
2026/02/12 17:23:44.073, 11.43 W, 0 %
2026/02/12 17:23:45.073, 11.67 W, 0 %
2026/02/12 17:23:46.073, 11.68 W, 0 %
2026/02/12 17:23:47.073, 11.39 W, 0 %
2026/02/12 17:23:48.073, 10.75 W, 0 %
2026/02/12 17:23:49.073, 11.10 W, 0 %
2026/02/12 17:23:50.074, 10.86 W, 0 %
2026/02/12 17:23:51.074, 11.21 W, 0 %
2026/02/12 17:23:52.074, 11.45 W, 0 %
2026/02/12 17:23:53.074, 11.19 W, 0 %
2026/02/12 17:23:54.074, 11.23 W, 0 %
2026/02/12 17:23:55.074, 11.28 W, 0 %
2026/02/12 17:23:56.075, 11.10 W, 0 %
2026/02/12 17:23:57.075, 10.88 W, 0 %
2026/02/12 17:23:58.075, 10.49 W, 0 %
2026/02/12 17:23:59.075, 10.64 W, 0 %
2026/02/12 17:24:00.075, 10.63 W, 0 %
2026/02/12 17:24:01.075, 11.01 W, 0 %
2026/02/12 17:24:02.075, 10.89 W, 0 %
2026/02/12 17:24:03.075, 10.49 W, 0 %
2026/02/12 17:24:04.076, 10.60 W, 0 %
2026/02/12 17:24:05.076, 10.73 W, 0 %
2026/02/12 17:24:06.076, 11.18 W, 0 %
2026/02/12 17:24:07.076, 10.95 W, 0 %
2026/02/12 17:24:08.076, 10.41 W, 0 %
2026/02/12 17:24:09.076, 10.49 W, 0 %
2026/02/12 17:24:10.077, 10.46 W, 0 %
2026/02/12 17:24:11.077, 10.99 W, 0 %
2026/02/12 17:24:12.077, 11.30 W, 0 %
2026/02/12 17:24:13.077, 11.19 W, 0 %
2026/02/12 17:24:14.077, 11.23 W, 0 %
2026/02/12 17:24:15.077, 11.31 W, 0 %
2026/02/12 17:24:16.077, 10.93 W, 0 %
2026/02/12 17:24:17.078, 11.36 W, 0 %
2026/02/12 17:24:18.078, 11.29 W, 0 %
2026/02/12 17:24:19.078, 11.58 W, 0 %
2026/02/12 17:24:20.078, 11.27 W, 0 %
2026/02/12 17:24:21.078, 10.83 W, 0 %
2026/02/12 17:24:22.078, 11.11 W, 0 %
2026/02/12 17:24:23.078, 11.31 W, 0 %
2026/02/12 17:24:24.079, 10.84 W, 0 %
2026/02/12 17:24:25.079, 10.97 W, 0 %
2026/02/12 17:24:26.079, 11.03 W, 0 %
2026/02/12 17:24:27.079, 10.74 W, 0 %
2026/02/12 17:24:28.079, 10.47 W, 0 %
2026/02/12 17:24:29.079, 10.94 W, 0 %
2026/02/12 17:24:30.079, 11.19 W, 0 %
2026/02/12 17:24:31.080, 11.23 W, 0 %
2026/02/12 17:24:32.080, 11.51 W, 0 %
2026/02/12 17:24:33.080, 11.54 W, 0 %
2026/02/12 17:24:34.080, 11.67 W, 0 %
2026/02/12 17:24:35.080, 11.63 W, 0 %
2026/02/12 17:24:36.080, 11.06 W, 0 %
2026/02/12 17:24:37.080, 10.73 W, 0 %
2026/02/12 17:24:38.080, 10.91 W, 0 %
2026/02/12 17:24:39.081, 10.39 W, 0 %
2026/02/12 17:24:40.081, 9.97 W, 0 %
2026/02/12 17:24:41.081, 10.39 W, 0 %
2026/02/12 17:24:42.081, 10.31 W, 0 %
2026/02/12 17:24:43.081, 10.26 W, 0 %
2026/02/12 17:24:44.081, 10.20 W, 0 %
2026/02/12 17:24:45.082, 10.46 W, 0 %
2026/02/12 17:24:46.082, 10.89 W, 0 %
2026/02/12 17:24:47.082, 11.05 W, 0 %
2026/02/12 17:24:48.082, 11.17 W, 0 %
2026/02/12 17:24:49.082, 11.08 W, 0 %
2026/02/12 17:24:50.082, 11.06 W, 0 %
2026/02/12 17:24:51.083, 11.09 W, 0 %
2026/02/12 17:24:52.083, 10.69 W, 0 %
2026/02/12 17:24:53.083, 10.50 W, 0 %
2026/02/12 17:24:54.083, 10.64 W, 0 %
2026/02/12 17:24:55.083, 9.97 W, 0 %
2026/02/12 17:24:56.083, 9.83 W, 0 %
2026/02/12 17:24:57.083, 10.66 W, 1 %
2026/02/12 17:24:58.083, 10.53 W, 0 %
2026/02/12 17:24:59.084, 10.43 W, 0 %
2026/02/12 17:25:00.084, 10.12 W, 0 %
2026/02/12 17:25:01.084, 10.57 W, 0 %
2026/02/12 17:25:02.084, 10.61 W, 0 %
2026/02/12 17:25:03.084, 10.15 W, 0 %
2026/02/12 17:25:04.084, 10.11 W, 0 %
2026/02/12 17:25:05.084, 10.30 W, 0 %
2026/02/12 17:25:06.085, 108.61 W, 0 %
2026/02/12 17:25:07.085, 319.29 W, 100 %
2026/02/12 17:25:08.085, 320.63 W, 100 %
2026/02/12 17:25:09.085, 319.15 W, 100 %
2026/02/12 17:25:10.085, 318.66 W, 100 %
2026/02/12 17:25:11.085, 317.56 W, 100 %
2026/02/12 17:25:12.085, 319.31 W, 100 %
2026/02/12 17:25:13.085, 319.93 W, 100 %
2026/02/12 17:25:14.085, 319.70 W, 100 %
2026/02/12 17:25:15.086, 319.40 W, 100 %
2026/02/12 17:25:16.086, 320.22 W, 100 %
2026/02/12 17:25:17.086, 319.06 W, 100 %
2026/02/12 17:25:18.086, 319.51 W, 100 %
2026/02/12 17:25:19.086, 319.75 W, 100 %
2026/02/12 17:25:20.086, 318.67 W, 100 %
2026/02/12 17:25:21.086, 320.97 W, 100 %
2026/02/12 17:25:22.086, 319.01 W, 100 %
2026/02/12 17:25:23.086, 319.20 W, 100 %
2026/02/12 17:25:24.086, 319.98 W, 100 %
2026/02/12 17:25:25.087, 319.23 W, 100 %
2026/02/12 17:25:26.087, 319.06 W, 100 %
2026/02/12 17:25:27.087, 318.56 W, 100 %
2026/02/12 17:25:28.087, 318.61 W, 100 %
2026/02/12 17:25:29.087, 318.49 W, 100 %
2026/02/12 17:25:30.087, 317.43 W, 100 %
2026/02/12 17:25:31.087, 319.30 W, 100 %
2026/02/12 17:25:32.087, 319.89 W, 100 %
2026/02/12 17:25:33.087, 318.65 W, 100 %
2026/02/12 17:25:34.087, 318.81 W, 100 %
2026/02/12 17:25:35.088, 319.43 W, 100 %
2026/02/12 17:25:36.088, 318.69 W, 100 %
2026/02/12 17:25:37.088, 319.15 W, 100 %
2026/02/12 17:25:38.088, 319.91 W, 100 %
2026/02/12 17:25:39.088, 319.01 W, 100 %
2026/02/12 17:25:40.088, 320.84 W, 100 %
2026/02/12 17:25:41.088, 319.54 W, 100 %
2026/02/12 17:25:42.088, 318.62 W, 100 %
2026/02/12 17:25:43.088, 320.80 W, 100 %
2026/02/12 17:25:44.089, 318.45 W, 100 %
2026/02/12 17:25:45.089, 318.12 W, 100 %
2026/02/12 17:25:46.089, 319.94 W, 100 %
2026/02/12 17:25:47.089, 318.77 W, 100 %
2026/02/12 17:25:48.089, 318.19 W, 100 %
2026/02/12 17:25:49.089, 319.62 W, 100 %
2026/02/12 17:25:50.089, 318.86 W, 100 %
2026/02/12 17:25:51.089, 318.61 W, 100 %
2026/02/12 17:25:52.089, 318.84 W, 100 %
2026/02/12 17:25:53.089, 318.85 W, 100 %
2026/02/12 17:25:54.089, 318.98 W, 100 %
2026/02/12 17:25:55.090, 316.52 W, 100 %
2026/02/12 17:25:56.090, 319.07 W, 100 %
2026/02/12 17:25:57.090, 316.94 W, 100 %
2026/02/12 17:25:58.090, 317.63 W, 100 %
2026/02/12 17:25:59.090, 318.38 W, 100 %
2026/02/12 17:26:00.090, 318.40 W, 100 %
2026/02/12 17:26:01.090, 318.08 W, 100 %
2026/02/12 17:26:02.090, 318.45 W, 100 %
2026/02/12 17:26:03.090, 320.00 W, 100 %
2026/02/12 17:26:04.091, 319.28 W, 100 %
2026/02/12 17:26:05.091, 319.70 W, 100 %
2026/02/12 17:26:06.091, 319.44 W, 100 %
2026/02/12 17:26:07.091, 319.69 W, 100 %
2026/02/12 17:26:08.091, 318.91 W, 100 %
2026/02/12 17:26:09.091, 319.73 W, 100 %
2026/02/12 17:26:10.091, 318.72 W, 100 %
2026/02/12 17:26:11.091, 318.85 W, 100 %
2026/02/12 17:26:12.091, 319.42 W, 100 %
2026/02/12 17:26:13.092, 319.39 W, 100 %
2026/02/12 17:26:14.092, 320.52 W, 100 %
2026/02/12 17:26:15.092, 319.64 W, 100 %
2026/02/12 17:26:16.092, 318.57 W, 100 %
2026/02/12 17:26:17.092, 321.94 W, 100 %
2026/02/12 17:26:18.092, 319.26 W, 100 %
2026/02/12 17:26:19.092, 319.12 W, 100 %
2026/02/12 17:26:20.092, 321.58 W, 100 %
2026/02/12 17:26:21.092, 318.92 W, 100 %
2026/02/12 17:26:22.092, 319.06 W, 100 %
2026/02/12 17:26:23.093, 321.37 W, 100 %
2026/02/12 17:26:24.093, 319.73 W, 100 %
2026/02/12 17:26:25.093, 318.63 W, 100 %
2026/02/12 17:26:26.093, 320.76 W, 100 %
2026/02/12 17:26:27.093, 319.41 W, 100 %
2026/02/12 17:26:28.093, 317.05 W, 100 %
2026/02/12 17:26:29.093, 320.65 W, 100 %
2026/02/12 17:26:30.093, 319.40 W, 100 %
2026/02/12 17:26:31.093, 320.35 W, 100 %
2026/02/12 17:26:32.094, 316.95 W, 100 %
2026/02/12 17:26:33.094, 317.90 W, 100 %
2026/02/12 17:26:34.094, 317.95 W, 100 %
2026/02/12 17:26:35.094, 319.16 W, 100 %
2026/02/12 17:26:36.094, 318.93 W, 100 %
2026/02/12 17:26:37.094, 319.43 W, 100 %
2026/02/12 17:26:38.094, 318.03 W, 100 %
2026/02/12 17:26:39.094, 318.06 W, 100 %
2026/02/12 17:26:40.094, 319.63 W, 100 %
2026/02/12 17:26:41.095, 318.59 W, 100 %
2026/02/12 17:26:42.095, 318.26 W, 100 %
2026/02/12 17:26:43.095, 320.13 W, 100 %
2026/02/12 17:26:44.095, 319.05 W, 100 %
2026/02/12 17:26:45.095, 319.28 W, 100 %
2026/02/12 17:26:46.095, 318.73 W, 100 %
2026/02/12 17:26:47.095, 318.44 W, 100 %
2026/02/12 17:26:48.095, 318.95 W, 100 %
2026/02/12 17:26:49.095, 319.31 W, 100 %
2026/02/12 17:26:50.096, 317.48 W, 100 %
2026/02/12 17:26:51.096, 317.90 W, 100 %
2026/02/12 17:26:52.096, 319.29 W, 100 %
2026/02/12 17:26:53.096, 318.73 W, 100 %
2026/02/12 17:26:54.096, 318.76 W, 100 %
2026/02/12 17:26:55.096, 319.39 W, 100 %
2026/02/12 17:26:56.096, 319.56 W, 100 %
2026/02/12 17:26:57.096, 319.38 W, 100 %
2026/02/12 17:26:58.096, 319.48 W, 100 %
2026/02/12 17:26:59.096, 318.36 W, 100 %
2026/02/12 17:27:00.097, 319.35 W, 100 %
2026/02/12 17:27:01.097, 319.20 W, 100 %
2026/02/12 17:27:02.097, 318.22 W, 100 %
2026/02/12 17:27:03.097, 317.35 W, 100 %
2026/02/12 17:27:04.097, 320.06 W, 100 %
2026/02/12 17:27:05.097, 318.99 W, 100 %
2026/02/12 17:27:06.097, 318.40 W, 100 %
2026/02/12 17:27:07.097, 320.52 W, 100 %
2026/02/12 17:27:08.097, 318.85 W, 100 %
2026/02/12 17:27:09.097, 319.51 W, 100 %
2026/02/12 17:27:10.098, 318.12 W, 100 %
2026/02/12 17:27:11.098, 318.47 W, 100 %
2026/02/12 17:27:12.098, 319.44 W, 100 %
2026/02/12 17:27:13.098, 319.02 W, 100 %
2026/02/12 17:27:14.098, 317.99 W, 100 %
2026/02/12 17:27:15.098, 318.59 W, 100 %
2026/02/12 17:27:16.098, 317.68 W, 100 %
2026/02/12 17:27:17.098, 318.30 W, 100 %
2026/02/12 17:27:18.098, 319.23 W, 100 %
2026/02/12 17:27:19.099, 319.73 W, 100 %
2026/02/12 17:27:20.099, 316.39 W, 100 %
2026/02/12 17:27:21.099, 318.67 W, 100 %
2026/02/12 17:27:22.099, 318.43 W, 100 %
2026/02/12 17:27:23.099, 317.06 W, 100 %
2026/02/12 17:27:24.099, 318.58 W, 100 %
2026/02/12 17:27:25.099, 319.13 W, 100 %
2026/02/12 17:27:26.099, 316.63 W, 100 %
2026/02/12 17:27:27.099, 319.05 W, 100 %
2026/02/12 17:27:28.099, 317.95 W, 100 %
2026/02/12 17:27:29.100, 317.57 W, 100 %
2026/02/12 17:27:30.100, 319.39 W, 100 %
2026/02/12 17:27:31.100, 319.12 W, 100 %
2026/02/12 17:27:32.100, 317.04 W, 100 %
2026/02/12 17:27:33.100, 318.74 W, 100 %
2026/02/12 17:27:34.100, 319.41 W, 100 %
2026/02/12 17:27:35.100, 317.73 W, 100 %
2026/02/12 17:27:36.100, 318.03 W, 100 %
2026/02/12 17:27:37.100, 318.98 W, 100 %
2026/02/12 17:27:38.100, 317.58 W, 100 %
2026/02/12 17:27:39.101, 318.86 W, 100 %
2026/02/12 17:27:40.101, 318.06 W, 100 %
2026/02/12 17:27:41.101, 317.25 W, 100 %
2026/02/12 17:27:42.101, 319.02 W, 100 %
2026/02/12 17:27:43.101, 318.50 W, 100 %
2026/02/12 17:27:44.101, 319.06 W, 100 %
2026/02/12 17:27:45.101, 319.35 W, 100 %
2026/02/12 17:27:46.101, 319.74 W, 100 %
2026/02/12 17:27:47.101, 318.21 W, 100 %
2026/02/12 17:27:48.102, 318.08 W, 100 %
2026/02/12 17:27:49.102, 318.52 W, 100 %
2026/02/12 17:27:50.102, 317.58 W, 100 %
2026/02/12 17:27:51.102, 319.19 W, 100 %
2026/02/12 17:27:52.102, 319.25 W, 100 %
2026/02/12 17:27:53.102, 318.27 W, 100 %
2026/02/12 17:27:54.102, 319.25 W, 100 %
2026/02/12 17:27:55.102, 319.25 W, 100 %
2026/02/12 17:27:56.102, 317.79 W, 100 %
2026/02/12 17:27:57.103, 318.48 W, 100 %
2026/02/12 17:27:58.103, 320.01 W, 100 %
2026/02/12 17:27:59.103, 318.70 W, 100 %
2026/02/12 17:28:00.103, 318.99 W, 100 %
2026/02/12 17:28:01.103, 319.67 W, 100 %
2026/02/12 17:28:02.103, 319.39 W, 100 %
2026/02/12 17:28:03.103, 318.86 W, 100 %
2026/02/12 17:28:04.103, 317.76 W, 100 %
2026/02/12 17:28:05.103, 319.27 W, 100 %
2026/02/12 17:28:06.103, 319.21 W, 100 %
2026/02/12 17:28:07.104, 319.48 W, 100 %
2026/02/12 17:28:08.104, 318.83 W, 100 %
2026/02/12 17:28:09.104, 318.65 W, 100 %
2026/02/12 17:28:10.104, 318.14 W, 100 %
2026/02/12 17:28:11.104, 319.73 W, 100 %
2026/02/12 17:28:12.104, 317.65 W, 100 %
2026/02/12 17:28:13.104, 319.20 W, 100 %
2026/02/12 17:28:14.104, 320.42 W, 100 %
2026/02/12 17:28:15.104, 318.55 W, 100 %
2026/02/12 17:28:16.105, 318.45 W, 100 %
2026/02/12 17:28:17.105, 318.81 W, 100 %
2026/02/12 17:28:18.105, 318.99 W, 100 %
2026/02/12 17:28:19.105, 319.09 W, 100 %
2026/02/12 17:28:20.105, 319.26 W, 100 %
2026/02/12 17:28:21.105, 319.35 W, 100 %
2026/02/12 17:28:22.105, 318.01 W, 100 %
2026/02/12 17:28:23.105, 320.35 W, 100 %
2026/02/12 17:28:24.105, 318.56 W, 100 %
2026/02/12 17:28:25.106, 318.94 W, 100 %
2026/02/12 17:28:26.106, 319.77 W, 100 %
2026/02/12 17:28:27.106, 318.79 W, 100 %
2026/02/12 17:28:28.106, 318.56 W, 100 %
2026/02/12 17:28:29.106, 320.17 W, 100 %
2026/02/12 17:28:30.106, 318.58 W, 100 %
2026/02/12 17:28:31.106, 318.84 W, 100 %
2026/02/12 17:28:32.106, 319.51 W, 100 %
2026/02/12 17:28:33.106, 318.42 W, 100 %
2026/02/12 17:28:34.106, 319.51 W, 100 %
2026/02/12 17:28:35.107, 319.52 W, 100 %
2026/02/12 17:28:36.107, 318.44 W, 100 %
2026/02/12 17:28:37.107, 318.78 W, 100 %
2026/02/12 17:28:38.107, 320.10 W, 100 %
2026/02/12 17:28:39.107, 318.05 W, 100 %
2026/02/12 17:28:40.107, 319.13 W, 100 %
2026/02/12 17:28:41.107, 320.18 W, 100 %
2026/02/12 17:28:42.107, 319.38 W, 100 %
2026/02/12 17:28:43.107, 317.26 W, 100 %
2026/02/12 17:28:44.108, 320.06 W, 100 %
2026/02/12 17:28:45.108, 318.62 W, 100 %
2026/02/12 17:28:46.108, 316.65 W, 100 %
2026/02/12 17:28:47.108, 320.34 W, 100 %
2026/02/12 17:28:48.108, 319.06 W, 100 %
2026/02/12 17:28:49.108, 319.45 W, 100 %
2026/02/12 17:28:50.108, 322.33 W, 100 %
2026/02/12 17:28:51.108, 319.35 W, 100 %
2026/02/12 17:28:52.108, 318.55 W, 100 %
2026/02/12 17:28:53.109, 321.65 W, 100 %
2026/02/12 17:28:54.109, 319.91 W, 100 %
2026/02/12 17:28:55.109, 317.71 W, 100 %
2026/02/12 17:28:56.109, 319.26 W, 100 %
2026/02/12 17:28:57.109, 319.62 W, 100 %
2026/02/12 17:28:58.109, 317.71 W, 100 %
2026/02/12 17:28:59.109, 318.17 W, 100 %
2026/02/12 17:29:00.109, 319.47 W, 100 %
2026/02/12 17:29:01.109, 316.91 W, 100 %
2026/02/12 17:29:02.109, 317.73 W, 100 %
2026/02/12 17:29:03.110, 319.34 W, 100 %
2026/02/12 17:29:04.110, 318.70 W, 100 %
2026/02/12 17:29:05.110, 318.72 W, 100 %
2026/02/12 17:29:06.110, 319.91 W, 100 %
2026/02/12 17:29:07.110, 317.20 W, 100 %
2026/02/12 17:29:08.110, 318.04 W, 100 %
2026/02/12 17:29:09.110, 319.12 W, 100 %
2026/02/12 17:29:10.110, 318.05 W, 100 %
2026/02/12 17:29:11.110, 318.52 W, 100 %
2026/02/12 17:29:12.111, 319.54 W, 100 %
2026/02/12 17:29:13.111, 316.57 W, 100 %
2026/02/12 17:29:14.111, 317.70 W, 100 %
2026/02/12 17:29:15.111, 318.34 W, 100 %
2026/02/12 17:29:16.111, 317.97 W, 100 %
2026/02/12 17:29:17.111, 318.75 W, 100 %
2026/02/12 17:29:18.111, 319.09 W, 100 %
2026/02/12 17:29:19.111, 316.87 W, 100 %
2026/02/12 17:29:20.111, 317.79 W, 100 %
2026/02/12 17:29:21.112, 317.94 W, 100 %
2026/02/12 17:29:22.112, 317.83 W, 100 %
2026/02/12 17:29:23.112, 318.23 W, 100 %
2026/02/12 17:29:24.112, 318.92 W, 100 %
2026/02/12 17:29:25.112, 317.40 W, 100 %
2026/02/12 17:29:26.112, 318.51 W, 100 %
2026/02/12 17:29:27.112, 318.28 W, 100 %
2026/02/12 17:29:28.112, 317.37 W, 100 %
2026/02/12 17:29:29.112, 319.14 W, 100 %
2026/02/12 17:29:30.112, 319.26 W, 100 %
2026/02/12 17:29:31.113, 318.58 W, 100 %
2026/02/12 17:29:32.113, 319.19 W, 100 %
2026/02/12 17:29:33.113, 319.35 W, 100 %
2026/02/12 17:29:34.113, 318.80 W, 100 %
2026/02/12 17:29:35.113, 318.84 W, 100 %
2026/02/12 17:29:36.113, 319.87 W, 100 %
2026/02/12 17:29:37.113, 319.05 W, 100 %
2026/02/12 17:29:38.113, 319.16 W, 100 %
2026/02/12 17:29:39.113, 319.99 W, 100 %
2026/02/12 17:29:40.114, 319.59 W, 100 %
2026/02/12 17:29:41.114, 319.79 W, 100 %
2026/02/12 17:29:42.114, 318.82 W, 100 %
2026/02/12 17:29:43.114, 319.03 W, 100 %
2026/02/12 17:29:44.114, 319.42 W, 100 %
2026/02/12 17:29:45.114, 319.61 W, 100 %
2026/02/12 17:29:46.114, 319.71 W, 100 %
2026/02/12 17:29:47.114, 319.87 W, 100 %
2026/02/12 17:29:48.114, 319.27 W, 100 %
2026/02/12 17:29:49.114, 319.23 W, 100 %
2026/02/12 17:29:50.115, 319.63 W, 100 %
2026/02/12 17:29:51.115, 319.65 W, 100 %
2026/02/12 17:29:52.115, 319.05 W, 100 %
2026/02/12 17:29:53.115, 319.91 W, 100 %
2026/02/12 17:29:54.115, 319.23 W, 100 %
2026/02/12 17:29:55.115, 319.58 W, 100 %
2026/02/12 17:29:56.115, 319.32 W, 100 %
2026/02/12 17:29:57.115, 320.15 W, 100 %
2026/02/12 17:29:58.115, 321.81 W, 100 %
2026/02/12 17:29:59.116, 319.35 W, 100 %
2026/02/12 17:30:00.116, 319.39 W, 100 %
2026/02/12 17:30:01.116, 320.81 W, 100 %
2026/02/12 17:30:02.116, 319.86 W, 100 %
2026/02/12 17:30:03.116, 319.60 W, 100 %
2026/02/12 17:30:04.116, 320.03 W, 100 %
2026/02/12 17:30:05.116, 318.91 W, 100 %
2026/02/12 17:30:06.116, 318.83 W, 100 %
2026/02/12 17:30:07.116, 318.86 W, 100 %
2026/02/12 17:30:08.116, 319.50 W, 100 %
2026/02/12 17:30:09.117, 318.88 W, 100 %
2026/02/12 17:30:10.117, 319.03 W, 100 %
2026/02/12 17:30:11.117, 320.27 W, 100 %
2026/02/12 17:30:12.117, 319.70 W, 100 %
2026/02/12 17:30:13.117, 318.11 W, 100 %
2026/02/12 17:30:14.117, 319.86 W, 100 %
2026/02/12 17:30:15.117, 318.95 W, 100 %
2026/02/12 17:30:16.117, 319.27 W, 100 %
2026/02/12 17:30:17.117, 319.99 W, 100 %
2026/02/12 17:30:18.118, 319.36 W, 100 %
2026/02/12 17:30:19.118, 317.72 W, 100 %
2026/02/12 17:30:20.118, 320.04 W, 100 %
2026/02/12 17:30:21.118, 319.06 W, 100 %
2026/02/12 17:30:22.118, 318.71 W, 100 %
2026/02/12 17:30:23.118, 320.17 W, 100 %
2026/02/12 17:30:24.118, 318.88 W, 100 %
2026/02/12 17:30:25.118, 317.93 W, 100 %
2026/02/12 17:30:26.118, 319.90 W, 100 %
2026/02/12 17:30:27.118, 318.14 W, 100 %
2026/02/12 17:30:28.119, 318.65 W, 100 %
2026/02/12 17:30:29.119, 319.86 W, 100 %
2026/02/12 17:30:30.119, 318.05 W, 100 %
2026/02/12 17:30:31.119, 319.86 W, 100 %
2026/02/12 17:30:32.119, 319.36 W, 100 %
2026/02/12 17:30:33.119, 317.79 W, 100 %
2026/02/12 17:30:34.119, 319.02 W, 100 %
2026/02/12 17:30:35.119, 318.52 W, 100 %
2026/02/12 17:30:36.119, 318.28 W, 100 %
2026/02/12 17:30:37.120, 318.86 W, 100 %
2026/02/12 17:30:38.120, 318.37 W, 100 %
2026/02/12 17:30:39.120, 319.04 W, 100 %
2026/02/12 17:30:40.120, 319.46 W, 100 %
2026/02/12 17:30:41.120, 319.69 W, 100 %
2026/02/12 17:30:42.120, 318.69 W, 100 %
2026/02/12 17:30:43.120, 318.52 W, 100 %
2026/02/12 17:30:44.120, 318.58 W, 100 %
2026/02/12 17:30:45.120, 319.26 W, 100 %
2026/02/12 17:30:46.121, 317.65 W, 100 %
2026/02/12 17:30:47.121, 319.13 W, 100 %
2026/02/12 17:30:48.121, 319.61 W, 100 %
2026/02/12 17:30:49.121, 317.73 W, 100 %
2026/02/12 17:30:50.121, 317.85 W, 100 %
2026/02/12 17:30:51.121, 319.31 W, 100 %
2026/02/12 17:30:52.121, 317.69 W, 100 %
2026/02/12 17:30:53.121, 319.28 W, 100 %
2026/02/12 17:30:54.121, 319.04 W, 100 %
2026/02/12 17:30:55.122, 318.99 W, 100 %
2026/02/12 17:30:56.122, 317.95 W, 100 %
2026/02/12 17:30:57.122, 318.38 W, 100 %
2026/02/12 17:30:58.122, 316.88 W, 100 %
2026/02/12 17:30:59.122, 318.41 W, 100 %
2026/02/12 17:31:00.122, 320.60 W, 100 %
2026/02/12 17:31:01.122, 319.08 W, 100 %
2026/02/12 17:31:02.122, 318.55 W, 100 %
2026/02/12 17:31:03.122, 320.03 W, 100 %
2026/02/12 17:31:04.122, 317.78 W, 100 %
2026/02/12 17:31:05.123, 318.51 W, 100 %
2026/02/12 17:31:06.123, 320.75 W, 100 %
2026/02/12 17:31:07.123, 319.11 W, 100 %
2026/02/12 17:31:08.123, 318.23 W, 100 %
2026/02/12 17:31:09.123, 321.10 W, 100 %
2026/02/12 17:31:10.123, 317.56 W, 100 %
2026/02/12 17:31:11.123, 318.99 W, 100 %
2026/02/12 17:31:12.123, 320.01 W, 100 %
2026/02/12 17:31:13.123, 318.39 W, 100 %
2026/02/12 17:31:14.123, 315.94 W, 100 %
2026/02/12 17:31:15.124, 320.69 W, 100 %
2026/02/12 17:31:16.124, 319.11 W, 100 %
2026/02/12 17:31:17.124, 318.61 W, 100 %
2026/02/12 17:31:18.124, 320.26 W, 100 %
2026/02/12 17:31:19.124, 319.24 W, 100 %
2026/02/12 17:31:20.124, 317.52 W, 100 %
2026/02/12 17:31:21.124, 320.35 W, 100 %
2026/02/12 17:31:22.124, 318.82 W, 100 %
2026/02/12 17:31:23.124, 317.53 W, 100 %
2026/02/12 17:31:24.124, 320.79 W, 100 %
2026/02/12 17:31:25.125, 318.96 W, 100 %
2026/02/12 17:31:26.125, 319.07 W, 100 %
2026/02/12 17:31:27.125, 320.47 W, 100 %
2026/02/12 17:31:28.125, 317.98 W, 100 %
2026/02/12 17:31:29.125, 319.49 W, 100 %
2026/02/12 17:31:30.125, 321.74 W, 100 %
2026/02/12 17:31:31.125, 319.77 W, 100 %
2026/02/12 17:31:32.125, 319.23 W, 100 %
2026/02/12 17:31:33.125, 321.50 W, 100 %
2026/02/12 17:31:34.126, 319.10 W, 100 %
2026/02/12 17:31:35.126, 317.62 W, 100 %
2026/02/12 17:31:36.126, 320.43 W, 100 %
2026/02/12 17:31:37.126, 319.65 W, 100 %
2026/02/12 17:31:38.126, 316.72 W, 100 %
2026/02/12 17:31:39.126, 318.43 W, 100 %
2026/02/12 17:31:40.126, 318.87 W, 100 %
2026/02/12 17:31:41.126, 318.79 W, 100 %
2026/02/12 17:31:42.126, 318.76 W, 100 %
2026/02/12 17:31:43.127, 319.43 W, 100 %
2026/02/12 17:31:44.127, 316.73 W, 100 %
2026/02/12 17:31:45.127, 318.21 W, 100 %
2026/02/12 17:31:46.127, 319.67 W, 100 %
2026/02/12 17:31:47.127, 318.01 W, 100 %
2026/02/12 17:31:48.127, 318.18 W, 100 %
2026/02/12 17:31:49.127, 319.53 W, 100 %
2026/02/12 17:31:50.127, 318.89 W, 100 %
2026/02/12 17:31:51.127, 319.34 W, 100 %
2026/02/12 17:31:52.127, 317.89 W, 100 %
2026/02/12 17:31:53.128, 319.76 W, 100 %
2026/02/12 17:31:54.128, 319.18 W, 100 %
2026/02/12 17:31:55.128, 320.19 W, 100 %
2026/02/12 17:31:56.128, 317.12 W, 100 %
2026/02/12 17:31:57.128, 318.02 W, 100 %
2026/02/12 17:31:58.128, 318.77 W, 100 %
2026/02/12 17:31:59.128, 316.62 W, 100 %
2026/02/12 17:32:00.128, 317.49 W, 100 %
2026/02/12 17:32:01.128, 319.48 W, 100 %
2026/02/12 17:32:02.129, 317.29 W, 100 %
2026/02/12 17:32:03.129, 318.53 W, 100 %
2026/02/12 17:32:04.129, 317.92 W, 100 %
2026/02/12 17:32:05.129, 319.03 W, 100 %
2026/02/12 17:32:06.129, 319.53 W, 100 %
2026/02/12 17:32:07.129, 319.81 W, 100 %
2026/02/12 17:32:08.129, 319.15 W, 100 %
2026/02/12 17:32:09.129, 317.60 W, 100 %
2026/02/12 17:32:10.129, 317.94 W, 100 %
2026/02/12 17:32:11.129, 320.86 W, 100 %
2026/02/12 17:32:12.130, 319.37 W, 100 %
2026/02/12 17:32:13.130, 319.30 W, 100 %
2026/02/12 17:32:14.130, 319.63 W, 100 %
2026/02/12 17:32:15.130, 318.21 W, 100 %
2026/02/12 17:32:16.130, 318.35 W, 100 %
2026/02/12 17:32:17.130, 319.47 W, 100 %
2026/02/12 17:32:18.130, 318.58 W, 100 %
2026/02/12 17:32:19.130, 318.88 W, 100 %
2026/02/12 17:32:20.130, 319.43 W, 100 %
2026/02/12 17:32:21.130, 319.17 W, 100 %
2026/02/12 17:32:22.131, 318.29 W, 100 %
2026/02/12 17:32:23.131, 319.04 W, 100 %
2026/02/12 17:32:24.131, 317.45 W, 100 %
2026/02/12 17:32:25.131, 318.84 W, 100 %
2026/02/12 17:32:26.131, 320.59 W, 100 %
2026/02/12 17:32:27.131, 318.91 W, 100 %
2026/02/12 17:32:28.131, 316.83 W, 100 %
2026/02/12 17:32:29.131, 320.12 W, 100 %
2026/02/12 17:32:30.131, 319.21 W, 100 %
2026/02/12 17:32:31.131, 317.13 W, 100 %
2026/02/12 17:32:32.132, 320.38 W, 100 %
2026/02/12 17:32:33.132, 318.65 W, 100 %
2026/02/12 17:32:34.132, 317.65 W, 100 %
2026/02/12 17:32:35.132, 320.23 W, 100 %
2026/02/12 17:32:36.132, 319.49 W, 100 %
2026/02/12 17:32:37.132, 319.08 W, 100 %
2026/02/12 17:32:38.132, 319.77 W, 100 %
2026/02/12 17:32:39.132, 319.15 W, 100 %
2026/02/12 17:32:40.132, 317.28 W, 100 %
2026/02/12 17:32:41.133, 317.40 W, 100 %
2026/02/12 17:32:42.133, 319.67 W, 100 %
2026/02/12 17:32:43.133, 319.25 W, 100 %
2026/02/12 17:32:44.133, 319.08 W, 100 %
2026/02/12 17:32:45.133, 319.57 W, 100 %
2026/02/12 17:32:46.133, 316.75 W, 100 %
2026/02/12 17:32:47.133, 317.98 W, 100 %
2026/02/12 17:32:48.133, 319.29 W, 100 %
2026/02/12 17:32:49.133, 319.02 W, 100 %
2026/02/12 17:32:50.133, 319.52 W, 100 %
2026/02/12 17:32:51.134, 319.31 W, 100 %
2026/02/12 17:32:52.134, 316.96 W, 100 %
2026/02/12 17:32:53.134, 317.80 W, 100 %
2026/02/12 17:32:54.134, 318.69 W, 100 %
2026/02/12 17:32:55.134, 317.55 W, 100 %
2026/02/12 17:32:56.134, 318.10 W, 100 %
2026/02/12 17:32:57.134, 319.12 W, 100 %
2026/02/12 17:32:58.134, 316.89 W, 100 %
2026/02/12 17:32:59.134, 318.35 W, 100 %
2026/02/12 17:33:00.134, 318.04 W, 100 %
2026/02/12 17:33:01.135, 316.30 W, 100 %
2026/02/12 17:33:02.135, 317.42 W, 100 %
2026/02/12 17:33:03.135, 318.90 W, 100 %
2026/02/12 17:33:04.135, 318.54 W, 100 %
2026/02/12 17:33:05.135, 318.10 W, 100 %
2026/02/12 17:33:06.135, 318.34 W, 100 %
2026/02/12 17:33:07.135, 319.38 W, 100 %
2026/02/12 17:33:08.136, 317.73 W, 100 %
2026/02/12 17:33:09.136, 319.02 W, 100 %
2026/02/12 17:33:10.136, 319.68 W, 100 %
2026/02/12 17:33:11.136, 319.10 W, 100 %
2026/02/12 17:33:12.136, 318.22 W, 100 %
2026/02/12 17:33:13.136, 319.28 W, 100 %
2026/02/12 17:33:14.136, 317.90 W, 100 %
2026/02/12 17:33:15.136, 318.56 W, 100 %
2026/02/12 17:33:16.136, 320.09 W, 100 %
2026/02/12 17:33:17.137, 318.49 W, 100 %
2026/02/12 17:33:18.137, 318.70 W, 100 %
2026/02/12 17:33:19.137, 319.06 W, 100 %
2026/02/12 17:33:20.137, 318.29 W, 100 %
2026/02/12 17:33:21.137, 318.70 W, 100 %
2026/02/12 17:33:22.137, 319.96 W, 100 %
2026/02/12 17:33:23.137, 319.08 W, 100 %
2026/02/12 17:33:24.137, 318.48 W, 100 %
2026/02/12 17:33:25.137, 318.74 W, 100 %
2026/02/12 17:33:26.137, 318.74 W, 100 %
2026/02/12 17:33:27.137, 318.76 W, 100 %
2026/02/12 17:33:28.138, 320.34 W, 100 %
2026/02/12 17:33:29.138, 319.29 W, 100 %
2026/02/12 17:33:30.138, 318.63 W, 100 %
2026/02/12 17:33:31.138, 321.33 W, 100 %
2026/02/12 17:33:32.138, 318.51 W, 100 %
2026/02/12 17:33:33.138, 318.70 W, 100 %
2026/02/12 17:33:34.138, 320.76 W, 100 %
2026/02/12 17:33:35.138, 319.09 W, 100 %
2026/02/12 17:33:36.138, 319.02 W, 100 %
2026/02/12 17:33:37.138, 319.67 W, 100 %
2026/02/12 17:33:38.138, 318.71 W, 100 %
2026/02/12 17:33:39.139, 318.96 W, 100 %
2026/02/12 17:33:40.139, 319.29 W, 100 %
2026/02/12 17:33:41.139, 319.67 W, 100 %
2026/02/12 17:33:42.139, 318.12 W, 100 %
2026/02/12 17:33:43.139, 318.76 W, 100 %
2026/02/12 17:33:44.139, 318.97 W, 100 %
2026/02/12 17:33:45.139, 318.17 W, 100 %
2026/02/12 17:33:46.139, 318.94 W, 100 %
2026/02/12 17:33:47.139, 319.82 W, 100 %
2026/02/12 17:33:48.139, 318.92 W, 100 %
2026/02/12 17:33:49.139, 319.09 W, 100 %
2026/02/12 17:33:50.139, 318.00 W, 100 %
2026/02/12 17:33:51.139, 319.67 W, 100 %
2026/02/12 17:33:52.140, 319.02 W, 100 %
2026/02/12 17:33:53.140, 319.68 W, 100 %
2026/02/12 17:33:54.140, 318.23 W, 100 %
2026/02/12 17:33:55.140, 319.01 W, 100 %
2026/02/12 17:33:56.140, 318.09 W, 100 %
2026/02/12 17:33:57.140, 316.97 W, 100 %
2026/02/12 17:33:58.140, 318.82 W, 100 %
2026/02/12 17:33:59.140, 319.40 W, 100 %
2026/02/12 17:34:00.140, 317.51 W, 100 %
2026/02/12 17:34:01.140, 318.48 W, 100 %
2026/02/12 17:34:02.140, 319.35 W, 100 %
2026/02/12 17:34:03.141, 318.59 W, 100 %
2026/02/12 17:34:04.141, 318.33 W, 100 %
2026/02/12 17:34:05.141, 319.11 W, 100 %
2026/02/12 17:34:06.141, 319.62 W, 100 %
2026/02/12 17:34:07.141, 318.60 W, 100 %
2026/02/12 17:34:08.141, 319.61 W, 100 %
2026/02/12 17:34:09.141, 319.89 W, 100 %
2026/02/12 17:34:10.141, 318.89 W, 100 %
2026/02/12 17:34:11.141, 318.80 W, 100 %
2026/02/12 17:34:12.142, 320.08 W, 100 %
2026/02/12 17:34:13.142, 319.27 W, 100 %
2026/02/12 17:34:14.142, 319.46 W, 100 %
2026/02/12 17:34:15.142, 319.56 W, 100 %
2026/02/12 17:34:16.142, 319.42 W, 100 %
2026/02/12 17:34:17.142, 318.86 W, 100 %
2026/02/12 17:34:18.142, 319.91 W, 100 %
2026/02/12 17:34:19.142, 319.29 W, 100 %
2026/02/12 17:34:20.142, 318.78 W, 100 %
2026/02/12 17:34:21.142, 319.55 W, 100 %
2026/02/12 17:34:22.142, 318.89 W, 100 %
2026/02/12 17:34:23.143, 318.87 W, 100 %
2026/02/12 17:34:24.143, 320.86 W, 100 %
2026/02/12 17:34:25.143, 319.05 W, 100 %
2026/02/12 17:34:26.143, 319.29 W, 100 %
2026/02/12 17:34:27.143, 321.61 W, 100 %
2026/02/12 17:34:28.143, 319.30 W, 100 %
2026/02/12 17:34:29.143, 318.90 W, 100 %
2026/02/12 17:34:30.143, 321.66 W, 100 %
2026/02/12 17:34:31.143, 318.89 W, 100 %
2026/02/12 17:34:32.143, 319.23 W, 100 %
2026/02/12 17:34:33.144, 321.12 W, 100 %
2026/02/12 17:34:34.144, 319.17 W, 100 %
2026/02/12 17:34:35.144, 318.57 W, 100 %
2026/02/12 17:34:36.144, 319.36 W, 100 %
2026/02/12 17:34:37.144, 319.47 W, 100 %
2026/02/12 17:34:38.144, 319.22 W, 100 %
2026/02/12 17:34:39.144, 318.90 W, 100 %
2026/02/12 17:34:40.144, 319.77 W, 100 %
2026/02/12 17:34:41.144, 319.31 W, 100 %
2026/02/12 17:34:42.144, 319.14 W, 100 %
2026/02/12 17:34:43.145, 319.51 W, 100 %
2026/02/12 17:34:44.145, 319.15 W, 100 %
2026/02/12 17:34:45.145, 318.61 W, 100 %
2026/02/12 17:34:46.145, 319.39 W, 100 %
2026/02/12 17:34:47.145, 318.02 W, 100 %
2026/02/12 17:34:48.145, 318.67 W, 100 %
2026/02/12 17:34:49.145, 319.87 W, 100 %
2026/02/12 17:34:50.145, 318.21 W, 100 %
2026/02/12 17:34:51.145, 318.90 W, 100 %
2026/02/12 17:34:52.145, 318.81 W, 100 %
2026/02/12 17:34:53.145, 317.85 W, 100 %
2026/02/12 17:34:54.146, 318.75 W, 100 %
2026/02/12 17:34:55.146, 319.21 W, 100 %
2026/02/12 17:34:56.146, 317.07 W, 100 %
2026/02/12 17:34:57.146, 318.45 W, 100 %
2026/02/12 17:34:58.146, 318.11 W, 100 %
2026/02/12 17:34:59.146, 317.70 W, 100 %
2026/02/12 17:35:00.146, 318.92 W, 100 %
2026/02/12 17:35:01.146, 319.14 W, 100 %
2026/02/12 17:35:02.146, 318.65 W, 100 %
2026/02/12 17:35:03.146, 319.55 W, 100 %
2026/02/12 17:35:04.146, 318.42 W, 100 %
2026/02/12 17:35:05.147, 320.41 W, 100 %
2026/02/12 17:35:06.147, 319.15 W, 100 %
2026/02/12 17:35:07.147, 318.87 W, 100 %
2026/02/12 17:35:08.147, 320.09 W, 100 %
2026/02/12 17:35:09.147, 319.08 W, 100 %
2026/02/12 17:35:10.147, 318.37 W, 100 %
2026/02/12 17:35:11.147, 319.61 W, 100 %
2026/02/12 17:35:12.147, 319.63 W, 100 %
2026/02/12 17:35:13.147, 318.75 W, 100 %
2026/02/12 17:35:14.147, 319.86 W, 100 %
2026/02/12 17:35:15.148, 318.96 W, 100 %
2026/02/12 17:35:16.148, 318.05 W, 100 %
2026/02/12 17:35:17.148, 319.21 W, 100 %
2026/02/12 17:35:18.148, 318.45 W, 100 %
2026/02/12 17:35:19.148, 318.60 W, 100 %
2026/02/12 17:35:20.148, 320.91 W, 100 %
2026/02/12 17:35:21.148, 319.45 W, 100 %
2026/02/12 17:35:22.148, 319.22 W, 100 %
2026/02/12 17:35:23.148, 320.58 W, 100 %
2026/02/12 17:35:24.148, 318.01 W, 100 %
2026/02/12 17:35:25.148, 318.17 W, 100 %
2026/02/12 17:35:26.149, 321.26 W, 100 %
2026/02/12 17:35:27.149, 318.64 W, 100 %
2026/02/12 17:35:28.149, 318.64 W, 100 %
2026/02/12 17:35:29.149, 318.90 W, 100 %
2026/02/12 17:35:30.149, 318.10 W, 100 %
2026/02/12 17:35:31.149, 319.52 W, 100 %
2026/02/12 17:35:32.149, 319.56 W, 100 %
2026/02/12 17:35:33.149, 319.59 W, 100 %
2026/02/12 17:35:34.149, 318.95 W, 100 %
2026/02/12 17:35:35.149, 318.90 W, 100 %
2026/02/12 17:35:36.149, 319.38 W, 100 %
2026/02/12 17:35:37.150, 319.38 W, 100 %
2026/02/12 17:35:38.150, 319.77 W, 100 %
2026/02/12 17:35:39.150, 319.51 W, 100 %
2026/02/12 17:35:40.150, 318.17 W, 100 %
2026/02/12 17:35:41.150, 319.59 W, 100 %
2026/02/12 17:35:42.150, 319.48 W, 100 %
2026/02/12 17:35:43.150, 318.05 W, 100 %
2026/02/12 17:35:44.150, 318.87 W, 100 %
2026/02/12 17:35:45.150, 319.36 W, 100 %
2026/02/12 17:35:46.150, 319.76 W, 100 %
2026/02/12 17:35:47.150, 318.31 W, 100 %
2026/02/12 17:35:48.151, 319.57 W, 100 %
2026/02/12 17:35:49.151, 319.97 W, 100 %
2026/02/12 17:35:50.151, 318.90 W, 100 %
2026/02/12 17:35:51.151, 319.52 W, 100 %
2026/02/12 17:35:52.151, 320.69 W, 100 %
2026/02/12 17:35:53.151, 319.25 W, 100 %
2026/02/12 17:35:54.151, 319.42 W, 100 %
2026/02/12 17:35:55.151, 319.77 W, 100 %
2026/02/12 17:35:56.151, 319.72 W, 100 %
2026/02/12 17:35:57.151, 319.23 W, 100 %
2026/02/12 17:35:58.151, 319.82 W, 100 %
2026/02/12 17:35:59.152, 319.14 W, 100 %
2026/02/12 17:36:00.152, 319.44 W, 100 %
2026/02/12 17:36:01.152, 317.86 W, 100 %
2026/02/12 17:36:02.152, 319.02 W, 100 %
2026/02/12 17:36:03.152, 319.66 W, 100 %
2026/02/12 17:36:04.152, 318.38 W, 100 %
2026/02/12 17:36:05.152, 317.24 W, 100 %
2026/02/12 17:36:06.152, 320.18 W, 100 %
2026/02/12 17:36:07.152, 317.00 W, 100 %
2026/02/12 17:36:08.152, 318.08 W, 100 %
2026/02/12 17:36:09.152, 319.76 W, 100 %
2026/02/12 17:36:10.153, 317.98 W, 100 %
2026/02/12 17:36:11.153, 319.42 W, 100 %
2026/02/12 17:36:12.153, 319.97 W, 100 %
2026/02/12 17:36:13.153, 319.89 W, 100 %
2026/02/12 17:36:14.153, 319.22 W, 100 %
2026/02/12 17:36:15.153, 319.32 W, 100 %
2026/02/12 17:36:16.153, 319.74 W, 100 %
2026/02/12 17:36:17.153, 319.81 W, 100 %
2026/02/12 17:36:18.153, 319.61 W, 100 %
2026/02/12 17:36:19.153, 318.90 W, 100 %
2026/02/12 17:36:20.153, 319.37 W, 100 %
2026/02/12 17:36:21.153, 319.01 W, 100 %
2026/02/12 17:36:22.154, 319.26 W, 100 %
2026/02/12 17:36:23.154, 319.74 W, 100 %
2026/02/12 17:36:24.154, 318.65 W, 100 %
2026/02/12 17:36:25.154, 320.00 W, 100 %
2026/02/12 17:36:26.154, 319.37 W, 100 %
2026/02/12 17:36:27.154, 319.44 W, 100 %
2026/02/12 17:36:28.154, 319.98 W, 100 %
2026/02/12 17:36:29.154, 318.99 W, 100 %
2026/02/12 17:36:30.154, 319.48 W, 100 %
2026/02/12 17:36:31.154, 319.94 W, 100 %
2026/02/12 17:36:32.155, 319.75 W, 100 %
2026/02/12 17:36:33.155, 319.96 W, 100 %
2026/02/12 17:36:34.155, 321.48 W, 100 %
2026/02/12 17:36:35.155, 319.20 W, 100 %
2026/02/12 17:36:36.155, 318.92 W, 100 %
2026/02/12 17:36:37.155, 321.38 W, 100 %
2026/02/12 17:36:38.155, 320.09 W, 100 %
2026/02/12 17:36:39.155, 319.29 W, 100 %
2026/02/12 17:36:40.155, 319.79 W, 100 %
2026/02/12 17:36:41.155, 319.14 W, 100 %
2026/02/12 17:36:42.155, 318.99 W, 100 %
2026/02/12 17:36:43.156, 319.15 W, 100 %
2026/02/12 17:36:44.156, 319.78 W, 100 %
2026/02/12 17:36:45.156, 319.27 W, 100 %
2026/02/12 17:36:46.156, 318.56 W, 100 %
2026/02/12 17:36:47.156, 319.62 W, 100 %
2026/02/12 17:36:48.156, 319.53 W, 100 %
2026/02/12 17:36:49.156, 319.01 W, 100 %
2026/02/12 17:36:50.156, 319.66 W, 100 %
2026/02/12 17:36:51.156, 319.29 W, 100 %
2026/02/12 17:36:52.157, 319.05 W, 100 %
2026/02/12 17:36:53.157, 319.21 W, 100 %
2026/02/12 17:36:54.157, 319.25 W, 100 %
2026/02/12 17:36:55.157, 318.05 W, 100 %
2026/02/12 17:36:56.157, 319.61 W, 100 %
2026/02/12 17:36:57.157, 318.16 W, 100 %
2026/02/12 17:36:58.157, 318.63 W, 100 %
2026/02/12 17:36:59.157, 319.40 W, 100 %
2026/02/12 17:37:00.157, 318.61 W, 100 %
2026/02/12 17:37:01.158, 319.94 W, 100 %
2026/02/12 17:37:02.158, 319.65 W, 100 %
2026/02/12 17:37:03.158, 316.96 W, 100 %
2026/02/12 17:37:04.158, 319.09 W, 100 %
2026/02/12 17:37:05.158, 319.53 W, 100 %
2026/02/12 17:37:06.158, 318.90 W, 100 %
2026/02/12 17:37:07.158, 319.13 W, 100 %
2026/02/12 17:37:08.158, 319.21 W, 100 %
2026/02/12 17:37:09.158, 318.83 W, 100 %
2026/02/12 17:37:10.158, 318.97 W, 100 %
2026/02/12 17:37:11.159, 319.26 W, 100 %
2026/02/12 17:37:12.159, 319.72 W, 100 %
2026/02/12 17:37:13.159, 319.44 W, 100 %
2026/02/12 17:37:14.159, 318.98 W, 100 %
2026/02/12 17:37:15.159, 320.36 W, 100 %
2026/02/12 17:37:16.159, 319.37 W, 100 %
2026/02/12 17:37:17.159, 318.99 W, 100 %
2026/02/12 17:37:18.159, 320.32 W, 100 %
2026/02/12 17:37:19.159, 319.11 W, 100 %
2026/02/12 17:37:20.160, 319.53 W, 100 %
2026/02/12 17:37:21.160, 319.84 W, 100 %
2026/02/12 17:37:22.160, 319.47 W, 100 %
2026/02/12 17:37:23.160, 318.44 W, 100 %
2026/02/12 17:37:24.160, 320.55 W, 100 %
2026/02/12 17:37:25.160, 319.62 W, 100 %
2026/02/12 17:37:26.160, 318.74 W, 100 %
2026/02/12 17:37:27.160, 321.70 W, 100 %
2026/02/12 17:37:28.160, 319.59 W, 100 %
2026/02/12 17:37:29.160, 319.05 W, 100 %
2026/02/12 17:37:30.161, 320.85 W, 100 %
2026/02/12 17:37:31.161, 319.38 W, 100 %
2026/02/12 17:37:32.161, 318.66 W, 100 %
2026/02/12 17:37:33.161, 320.02 W, 100 %
2026/02/12 17:37:34.161, 319.10 W, 100 %
2026/02/12 17:37:35.161, 317.76 W, 100 %
2026/02/12 17:37:36.161, 319.42 W, 100 %
2026/02/12 17:37:37.161, 319.94 W, 100 %
2026/02/12 17:37:38.161, 319.23 W, 100 %
2026/02/12 17:37:39.161, 319.42 W, 100 %
2026/02/12 17:37:40.162, 319.60 W, 100 %
2026/02/12 17:37:41.162, 319.87 W, 100 %
2026/02/12 17:37:42.162, 319.26 W, 100 %
2026/02/12 17:37:43.162, 319.96 W, 100 %
2026/02/12 17:37:44.162, 319.10 W, 100 %
2026/02/12 17:37:45.162, 319.43 W, 100 %
2026/02/12 17:37:46.162, 318.72 W, 100 %
2026/02/12 17:37:47.162, 319.82 W, 100 %
2026/02/12 17:37:48.162, 319.61 W, 100 %
2026/02/12 17:37:49.163, 319.77 W, 100 %
2026/02/12 17:37:50.163, 317.61 W, 100 %
2026/02/12 17:37:51.163, 319.24 W, 100 %
2026/02/12 17:37:52.163, 319.79 W, 100 %
2026/02/12 17:37:53.163, 317.75 W, 100 %
2026/02/12 17:37:54.163, 319.11 W, 100 %
2026/02/12 17:37:55.163, 319.52 W, 100 %
2026/02/12 17:37:56.163, 317.95 W, 100 %
2026/02/12 17:37:57.163, 318.94 W, 100 %
2026/02/12 17:37:58.163, 318.99 W, 100 %
2026/02/12 17:37:59.163, 318.72 W, 100 %
2026/02/12 17:38:00.164, 318.26 W, 100 %
2026/02/12 17:38:01.164, 317.86 W, 100 %
2026/02/12 17:38:02.164, 319.86 W, 100 %
2026/02/12 17:38:03.164, 318.89 W, 100 %
2026/02/12 17:38:04.164, 318.80 W, 100 %
2026/02/12 17:38:05.164, 319.81 W, 100 %
2026/02/12 17:38:06.164, 318.79 W, 100 %
2026/02/12 17:38:07.164, 318.26 W, 100 %
2026/02/12 17:38:08.164, 320.04 W, 100 %
2026/02/12 17:38:09.165, 319.36 W, 100 %
2026/02/12 17:38:10.165, 318.65 W, 100 %
2026/02/12 17:38:11.165, 319.54 W, 100 %
2026/02/12 17:38:12.165, 318.84 W, 100 %
2026/02/12 17:38:13.165, 319.52 W, 100 %
2026/02/12 17:38:14.165, 320.08 W, 100 %
2026/02/12 17:38:15.165, 319.07 W, 100 %
2026/02/12 17:38:16.165, 318.67 W, 100 %
2026/02/12 17:38:17.165, 320.59 W, 100 %
2026/02/12 17:38:18.165, 318.99 W, 100 %
2026/02/12 17:38:19.166, 318.68 W, 100 %
2026/02/12 17:38:20.166, 320.77 W, 100 %
2026/02/12 17:38:21.166, 319.24 W, 100 %
2026/02/12 17:38:22.166, 319.39 W, 100 %
2026/02/12 17:38:23.166, 321.70 W, 100 %
2026/02/12 17:38:24.166, 319.58 W, 100 %
2026/02/12 17:38:25.166, 318.58 W, 100 %
2026/02/12 17:38:26.166, 321.78 W, 100 %
2026/02/12 17:38:27.166, 319.77 W, 100 %
2026/02/12 17:38:28.166, 318.98 W, 100 %
2026/02/12 17:38:29.167, 321.15 W, 100 %
2026/02/12 17:38:30.167, 319.29 W, 100 %
2026/02/12 17:38:31.167, 318.84 W, 100 %
2026/02/12 17:38:32.167, 319.59 W, 100 %
2026/02/12 17:38:33.167, 319.03 W, 100 %
2026/02/12 17:38:34.167, 318.87 W, 100 %
2026/02/12 17:38:35.167, 317.58 W, 100 %
2026/02/12 17:38:36.167, 319.68 W, 100 %
2026/02/12 17:38:37.167, 319.59 W, 100 %
2026/02/12 17:38:38.167, 318.82 W, 100 %
2026/02/12 17:38:39.168, 319.92 W, 100 %
2026/02/12 17:38:40.168, 319.04 W, 100 %
2026/02/12 17:38:41.168, 318.20 W, 100 %
2026/02/12 17:38:42.168, 320.10 W, 100 %
2026/02/12 17:38:43.168, 319.55 W, 100 %
2026/02/12 17:38:44.168, 318.59 W, 100 %
2026/02/12 17:38:45.168, 319.51 W, 100 %
2026/02/12 17:38:46.168, 318.66 W, 100 %
2026/02/12 17:38:47.168, 318.51 W, 100 %
2026/02/12 17:38:48.169, 319.54 W, 100 %
2026/02/12 17:38:49.169, 318.47 W, 100 %
2026/02/12 17:38:50.169, 318.33 W, 100 %
2026/02/12 17:38:51.169, 319.70 W, 100 %
2026/02/12 17:38:52.169, 319.12 W, 100 %
2026/02/12 17:38:53.169, 319.42 W, 100 %
2026/02/12 17:38:54.169, 318.22 W, 100 %
2026/02/12 17:38:55.169, 318.47 W, 100 %
2026/02/12 17:38:56.169, 318.81 W, 100 %
2026/02/12 17:38:57.169, 320.35 W, 100 %
2026/02/12 17:38:58.169, 317.56 W, 100 %
2026/02/12 17:38:59.170, 319.35 W, 100 %
2026/02/12 17:39:00.170, 319.27 W, 100 %
2026/02/12 17:39:01.170, 317.71 W, 100 %
2026/02/12 17:39:02.170, 318.72 W, 100 %
2026/02/12 17:39:03.170, 319.92 W, 100 %
2026/02/12 17:39:04.170, 319.32 W, 100 %
2026/02/12 17:39:05.170, 319.02 W, 100 %
2026/02/12 17:39:06.170, 317.98 W, 100 %
2026/02/12 17:39:07.171, 321.07 W, 100 %
2026/02/12 17:39:08.171, 318.93 W, 100 %
2026/02/12 17:39:09.171, 319.26 W, 100 %
2026/02/12 17:39:10.171, 320.07 W, 100 %
2026/02/12 17:39:11.171, 319.48 W, 100 %
2026/02/12 17:39:12.171, 319.46 W, 100 %
2026/02/12 17:39:13.171, 319.56 W, 100 %
2026/02/12 17:39:14.171, 319.18 W, 100 %
2026/02/12 17:39:15.171, 319.67 W, 100 %
2026/02/12 17:39:16.172, 319.71 W, 100 %
2026/02/12 17:39:17.172, 318.15 W, 100 %
2026/02/12 17:39:18.172, 318.91 W, 100 %
2026/02/12 17:39:19.172, 320.43 W, 100 %
2026/02/12 17:39:20.172, 318.27 W, 100 %
2026/02/12 17:39:21.172, 319.72 W, 100 %
2026/02/12 17:39:22.172, 320.64 W, 100 %
2026/02/12 17:39:23.172, 318.79 W, 100 %
2026/02/12 17:39:24.172, 318.86 W, 100 %
2026/02/12 17:39:25.173, 321.06 W, 100 %
2026/02/12 17:39:26.173, 319.57 W, 100 %
2026/02/12 17:39:27.173, 319.39 W, 100 %
2026/02/12 17:39:28.173, 321.84 W, 100 %
2026/02/12 17:39:29.173, 318.53 W, 100 %
2026/02/12 17:39:30.173, 318.64 W, 100 %
2026/02/12 17:39:31.173, 321.30 W, 100 %
2026/02/12 17:39:32.173, 319.21 W, 100 %
2026/02/12 17:39:33.173, 318.80 W, 100 %
2026/02/12 17:39:34.173, 319.21 W, 100 %
2026/02/12 17:39:35.174, 319.53 W, 100 %
2026/02/12 17:39:36.174, 319.33 W, 100 %
2026/02/12 17:39:37.174, 319.42 W, 100 %
2026/02/12 17:39:38.174, 318.93 W, 100 %
2026/02/12 17:39:39.174, 319.20 W, 100 %
2026/02/12 17:39:40.174, 319.15 W, 100 %
2026/02/12 17:39:41.174, 318.54 W, 100 %
2026/02/12 17:39:42.174, 319.52 W, 100 %
2026/02/12 17:39:43.174, 319.27 W, 100 %
2026/02/12 17:39:44.175, 318.08 W, 100 %
2026/02/12 17:39:45.175, 318.95 W, 100 %
2026/02/12 17:39:46.175, 318.50 W, 100 %
2026/02/12 17:39:47.175, 318.36 W, 100 %
2026/02/12 17:39:48.175, 318.98 W, 100 %
2026/02/12 17:39:49.175, 319.27 W, 100 %
2026/02/12 17:39:50.175, 319.86 W, 100 %
2026/02/12 17:39:51.175, 317.85 W, 100 %
2026/02/12 17:39:52.175, 318.78 W, 100 %
2026/02/12 17:39:53.175, 319.94 W, 100 %
2026/02/12 17:39:54.176, 318.29 W, 100 %
2026/02/12 17:39:55.176, 319.53 W, 100 %
2026/02/12 17:39:56.176, 317.87 W, 100 %
2026/02/12 17:39:57.176, 317.56 W, 100 %
2026/02/12 17:39:58.176, 319.16 W, 100 %
2026/02/12 17:39:59.176, 318.62 W, 100 %
2026/02/12 17:40:00.176, 318.32 W, 100 %
2026/02/12 17:40:01.176, 319.02 W, 100 %
2026/02/12 17:40:02.176, 317.85 W, 100 %
2026/02/12 17:40:03.177, 320.13 W, 100 %
2026/02/12 17:40:04.177, 318.95 W, 100 %
2026/02/12 17:40:05.177, 318.96 W, 100 %
2026/02/12 17:40:06.177, 319.20 W, 100 %
2026/02/12 17:40:07.177, 318.89 W, 100 %
2026/02/12 17:40:08.177, 318.88 W, 100 %
2026/02/12 17:40:09.177, 319.78 W, 100 %
2026/02/12 17:40:10.177, 318.88 W, 100 %
2026/02/12 17:40:11.177, 317.67 W, 100 %
2026/02/12 17:40:12.178, 319.90 W, 100 %
2026/02/12 17:40:13.178, 319.58 W, 100 %
2026/02/12 17:40:14.178, 318.85 W, 100 %
2026/02/12 17:40:15.178, 319.37 W, 100 %
2026/02/12 17:40:16.178, 318.84 W, 100 %
2026/02/12 17:40:17.178, 319.35 W, 100 %
2026/02/12 17:40:18.178, 320.47 W, 100 %
2026/02/12 17:40:19.178, 318.79 W, 100 %
2026/02/12 17:40:20.178, 318.65 W, 100 %
2026/02/12 17:40:21.178, 320.44 W, 100 %
2026/02/12 17:40:22.178, 318.54 W, 100 %
2026/02/12 17:40:23.178, 319.75 W, 100 %
2026/02/12 17:40:24.179, 322.08 W, 100 %
2026/02/12 17:40:25.179, 319.37 W, 100 %
2026/02/12 17:40:26.179, 318.75 W, 100 %
2026/02/12 17:40:27.179, 321.61 W, 100 %
2026/02/12 17:40:28.179, 318.61 W, 100 %
2026/02/12 17:40:29.179, 319.92 W, 100 %
2026/02/12 17:40:30.180, 321.41 W, 100 %
2026/02/12 17:40:31.180, 319.21 W, 100 %
2026/02/12 17:40:32.180, 318.44 W, 100 %
2026/02/12 17:40:33.180, 318.86 W, 100 %
2026/02/12 17:40:34.180, 318.61 W, 100 %
2026/02/12 17:40:35.180, 319.88 W, 100 %
2026/02/12 17:40:36.180, 319.21 W, 100 %
2026/02/12 17:40:37.180, 319.15 W, 100 %
2026/02/12 17:40:38.180, 318.48 W, 100 %
2026/02/12 17:40:39.180, 319.08 W, 100 %
2026/02/12 17:40:40.181, 318.39 W, 100 %
2026/02/12 17:40:41.181, 319.41 W, 100 %
2026/02/12 17:40:42.181, 319.29 W, 100 %
2026/02/12 17:40:43.181, 318.77 W, 100 %
2026/02/12 17:40:44.181, 318.71 W, 100 %
2026/02/12 17:40:45.181, 320.12 W, 100 %
2026/02/12 17:40:46.181, 318.08 W, 100 %
2026/02/12 17:40:47.181, 318.95 W, 100 %
2026/02/12 17:40:48.181, 320.59 W, 100 %
2026/02/12 17:40:49.181, 318.62 W, 100 %
2026/02/12 17:40:50.181, 319.36 W, 100 %
2026/02/12 17:40:51.181, 320.85 W, 100 %
2026/02/12 17:40:52.182, 318.20 W, 100 %
2026/02/12 17:40:53.182, 319.86 W, 100 %
2026/02/12 17:40:54.182, 321.61 W, 100 %
2026/02/12 17:40:55.182, 319.46 W, 100 %
2026/02/12 17:40:56.182, 318.63 W, 100 %
2026/02/12 17:40:57.182, 321.69 W, 100 %
2026/02/12 17:40:58.182, 319.56 W, 100 %
2026/02/12 17:40:59.182, 319.21 W, 100 %
2026/02/12 17:41:00.182, 320.89 W, 100 %
2026/02/12 17:41:01.183, 319.48 W, 100 %
2026/02/12 17:41:02.183, 319.36 W, 100 %
2026/02/12 17:41:03.183, 319.95 W, 100 %
2026/02/12 17:41:04.183, 319.85 W, 100 %
2026/02/12 17:41:05.183, 318.86 W, 100 %
2026/02/12 17:41:06.183, 318.45 W, 100 %
2026/02/12 17:41:07.183, 319.54 W, 100 %
2026/02/12 17:41:08.183, 316.93 W, 100 %
2026/02/12 17:41:09.183, 317.95 W, 100 %
2026/02/12 17:41:10.184, 319.49 W, 100 %
2026/02/12 17:41:11.184, 318.92 W, 100 %
2026/02/12 17:41:12.184, 319.08 W, 100 %
2026/02/12 17:41:13.184, 319.94 W, 100 %
2026/02/12 17:41:14.184, 319.18 W, 100 %
2026/02/12 17:41:15.184, 318.94 W, 100 %
2026/02/12 17:41:16.184, 318.22 W, 100 %
2026/02/12 17:41:17.184, 319.38 W, 100 %
2026/02/12 17:41:18.184, 319.37 W, 100 %
2026/02/12 17:41:19.184, 319.30 W, 100 %
2026/02/12 17:41:20.185, 318.25 W, 100 %
2026/02/12 17:41:21.185, 318.76 W, 100 %
2026/02/12 17:41:22.185, 318.17 W, 100 %
2026/02/12 17:41:23.185, 318.28 W, 100 %
2026/02/12 17:41:24.185, 318.90 W, 100 %
2026/02/12 17:41:25.185, 319.00 W, 100 %
2026/02/12 17:41:26.185, 317.83 W, 100 %
2026/02/12 17:41:27.185, 319.23 W, 100 %
2026/02/12 17:41:28.185, 317.56 W, 100 %
2026/02/12 17:41:29.186, 319.05 W, 100 %
2026/02/12 17:41:30.186, 319.49 W, 100 %
2026/02/12 17:41:31.186, 319.51 W, 100 %
2026/02/12 17:41:32.186, 319.90 W, 100 %
2026/02/12 17:41:33.186, 319.07 W, 100 %
2026/02/12 17:41:34.186, 317.07 W, 100 %
2026/02/12 17:41:35.186, 320.38 W, 100 %
2026/02/12 17:41:36.186, 319.33 W, 100 %
2026/02/12 17:41:37.186, 319.11 W, 100 %
2026/02/12 17:41:38.186, 319.96 W, 100 %
2026/02/12 17:41:39.187, 318.88 W, 100 %
2026/02/12 17:41:40.187, 316.96 W, 100 %
2026/02/12 17:41:41.187, 320.32 W, 100 %
2026/02/12 17:41:42.187, 319.18 W, 100 %
2026/02/12 17:41:43.187, 318.16 W, 100 %
2026/02/12 17:41:44.187, 321.14 W, 100 %
2026/02/12 17:41:45.187, 319.30 W, 100 %
2026/02/12 17:41:46.187, 317.19 W, 100 %
2026/02/12 17:41:47.187, 320.98 W, 100 %
2026/02/12 17:41:48.187, 318.77 W, 100 %
2026/02/12 17:41:49.188, 317.54 W, 100 %
2026/02/12 17:41:50.188, 321.01 W, 100 %
2026/02/12 17:41:51.188, 319.11 W, 100 %
2026/02/12 17:41:52.188, 317.03 W, 100 %
2026/02/12 17:41:53.188, 320.64 W, 100 %
2026/02/12 17:41:54.188, 319.40 W, 100 %
2026/02/12 17:41:55.188, 317.62 W, 100 %
2026/02/12 17:41:56.188, 319.24 W, 100 %
2026/02/12 17:41:57.188, 319.11 W, 100 %
2026/02/12 17:41:58.189, 316.60 W, 100 %
2026/02/12 17:41:59.189, 318.06 W, 100 %
2026/02/12 17:42:00.189, 319.17 W, 100 %
2026/02/12 17:42:01.189, 319.87 W, 100 %
2026/02/12 17:42:02.189, 318.87 W, 100 %
2026/02/12 17:42:03.189, 319.62 W, 100 %
2026/02/12 17:42:04.189, 318.94 W, 100 %
2026/02/12 17:42:05.189, 318.58 W, 100 %
2026/02/12 17:42:06.189, 319.04 W, 100 %
2026/02/12 17:42:07.189, 319.72 W, 100 %
2026/02/12 17:42:08.190, 319.18 W, 100 %
2026/02/12 17:42:09.190, 319.84 W, 100 %
2026/02/12 17:42:10.190, 317.04 W, 100 %
2026/02/12 17:42:11.190, 317.99 W, 100 %
2026/02/12 17:42:12.190, 318.59 W, 100 %
2026/02/12 17:42:13.190, 318.39 W, 100 %
2026/02/12 17:42:14.190, 318.80 W, 100 %
2026/02/12 17:42:15.190, 318.54 W, 100 %
2026/02/12 17:42:16.190, 317.37 W, 100 %
2026/02/12 17:42:17.191, 318.66 W, 100 %
2026/02/12 17:42:18.191, 318.36 W, 100 %
2026/02/12 17:42:19.191, 318.02 W, 100 %
2026/02/12 17:42:20.191, 318.85 W, 100 %
2026/02/12 17:42:21.191, 317.93 W, 100 %
2026/02/12 17:42:22.191, 318.97 W, 100 %
2026/02/12 17:42:23.191, 318.90 W, 100 %
2026/02/12 17:42:24.191, 319.50 W, 100 %
2026/02/12 17:42:25.191, 320.15 W, 100 %
2026/02/12 17:42:26.191, 318.72 W, 100 %
2026/02/12 17:42:27.192, 318.87 W, 100 %
2026/02/12 17:42:28.192, 320.14 W, 100 %
2026/02/12 17:42:29.192, 318.19 W, 100 %
2026/02/12 17:42:30.192, 318.81 W, 100 %
2026/02/12 17:42:31.192, 320.12 W, 100 %
2026/02/12 17:42:32.192, 319.14 W, 100 %
2026/02/12 17:42:33.192, 319.62 W, 100 %
2026/02/12 17:42:34.192, 319.85 W, 100 %
2026/02/12 17:42:35.192, 318.39 W, 100 %
2026/02/12 17:42:36.193, 319.15 W, 100 %
2026/02/12 17:42:37.193, 319.83 W, 100 %
2026/02/12 17:42:38.193, 317.86 W, 100 %
2026/02/12 17:42:39.193, 319.08 W, 100 %
2026/02/12 17:42:40.193, 320.85 W, 100 %
2026/02/12 17:42:41.193, 318.41 W, 100 %
2026/02/12 17:42:42.193, 318.89 W, 100 %
2026/02/12 17:42:43.193, 321.36 W, 100 %
2026/02/12 17:42:44.193, 319.08 W, 100 %
2026/02/12 17:42:45.193, 318.60 W, 100 %
2026/02/12 17:42:46.194, 320.59 W, 100 %
2026/02/12 17:42:47.194, 319.32 W, 100 %
2026/02/12 17:42:48.194, 319.42 W, 100 %
2026/02/12 17:42:49.194, 320.45 W, 100 %
2026/02/12 17:42:50.194, 317.75 W, 100 %
2026/02/12 17:42:51.194, 319.91 W, 100 %
2026/02/12 17:42:52.194, 319.28 W, 100 %
2026/02/12 17:42:53.194, 319.99 W, 100 %
2026/02/12 17:42:54.194, 319.23 W, 100 %
2026/02/12 17:42:55.194, 318.72 W, 100 %
2026/02/12 17:42:56.195, 319.62 W, 100 %
2026/02/12 17:42:57.195, 318.66 W, 100 %
2026/02/12 17:42:58.195, 319.17 W, 100 %
2026/02/12 17:42:59.195, 319.87 W, 100 %
2026/02/12 17:43:00.195, 319.54 W, 100 %
2026/02/12 17:43:01.195, 318.91 W, 100 %
2026/02/12 17:43:02.195, 318.60 W, 100 %
2026/02/12 17:43:03.195, 319.40 W, 100 %
2026/02/12 17:43:04.195, 318.84 W, 100 %
2026/02/12 17:43:05.196, 320.19 W, 100 %
2026/02/12 17:43:06.196, 318.54 W, 100 %
2026/02/12 17:43:07.196, 317.72 W, 100 %
2026/02/12 17:43:08.196, 319.45 W, 100 %
2026/02/12 17:43:09.196, 317.82 W, 100 %
2026/02/12 17:43:10.196, 319.01 W, 100 %
2026/02/12 17:43:11.196, 318.75 W, 100 %
2026/02/12 17:43:12.196, 318.28 W, 100 %
2026/02/12 17:43:13.196, 319.15 W, 100 %
2026/02/12 17:43:14.196, 319.77 W, 100 %
2026/02/12 17:43:15.197, 319.34 W, 100 %
2026/02/12 17:43:16.197, 319.15 W, 100 %
2026/02/12 17:43:17.197, 319.75 W, 100 %
2026/02/12 17:43:18.197, 319.84 W, 100 %
2026/02/12 17:43:19.197, 319.91 W, 100 %
2026/02/12 17:43:20.197, 318.91 W, 100 %
2026/02/12 17:43:21.197, 318.42 W, 100 %
2026/02/12 17:43:22.197, 319.53 W, 100 %
2026/02/12 17:43:23.197, 319.11 W, 100 %
2026/02/12 17:43:24.198, 319.18 W, 100 %
2026/02/12 17:43:25.198, 319.04 W, 100 %
2026/02/12 17:43:26.198, 318.96 W, 100 %
2026/02/12 17:43:27.198, 319.92 W, 100 %
2026/02/12 17:43:28.198, 318.97 W, 100 %
2026/02/12 17:43:29.198, 317.80 W, 100 %
2026/02/12 17:43:30.198, 320.67 W, 100 %
2026/02/12 17:43:31.198, 318.56 W, 100 %
2026/02/12 17:43:32.198, 319.11 W, 100 %
2026/02/12 17:43:33.199, 321.38 W, 100 %
2026/02/12 17:43:34.199, 319.19 W, 100 %
2026/02/12 17:43:35.199, 318.33 W, 100 %
2026/02/12 17:43:36.199, 321.13 W, 100 %
2026/02/12 17:43:37.199, 319.07 W, 100 %
2026/02/12 17:43:38.199, 319.22 W, 100 %
2026/02/12 17:43:39.199, 320.59 W, 100 %
2026/02/12 17:43:40.199, 319.49 W, 100 %
2026/02/12 17:43:41.199, 318.82 W, 100 %
2026/02/12 17:43:42.200, 319.38 W, 100 %
2026/02/12 17:43:43.200, 319.02 W, 100 %
2026/02/12 17:43:44.200, 318.53 W, 100 %
2026/02/12 17:43:45.200, 319.30 W, 100 %
2026/02/12 17:43:46.200, 319.43 W, 100 %
2026/02/12 17:43:47.200, 318.33 W, 100 %
2026/02/12 17:43:48.200, 319.68 W, 100 %
2026/02/12 17:43:49.200, 319.77 W, 100 %
2026/02/12 17:43:50.200, 319.12 W, 100 %
2026/02/12 17:43:51.201, 319.16 W, 100 %
2026/02/12 17:43:52.201, 319.46 W, 100 %
2026/02/12 17:43:53.201, 317.97 W, 100 %
2026/02/12 17:43:54.201, 318.57 W, 100 %
2026/02/12 17:43:55.201, 319.36 W, 100 %
2026/02/12 17:43:56.201, 318.38 W, 100 %
2026/02/12 17:43:57.201, 318.99 W, 100 %
2026/02/12 17:43:58.201, 318.97 W, 100 %
2026/02/12 17:43:59.201, 316.97 W, 100 %
2026/02/12 17:44:00.201, 319.17 W, 100 %
2026/02/12 17:44:01.202, 319.30 W, 100 %
2026/02/12 17:44:02.202, 317.68 W, 100 %
2026/02/12 17:44:03.202, 319.14 W, 100 %
2026/02/12 17:44:04.202, 319.43 W, 100 %
2026/02/12 17:44:05.202, 319.40 W, 100 %
2026/02/12 17:44:06.202, 318.80 W, 100 %
2026/02/12 17:44:07.202, 317.68 W, 100 %
2026/02/12 17:44:08.202, 320.13 W, 100 %
2026/02/12 17:44:09.202, 319.33 W, 100 %
2026/02/12 17:44:10.203, 318.77 W, 100 %
2026/02/12 17:44:11.203, 320.47 W, 100 %
2026/02/12 17:44:12.203, 318.31 W, 100 %
2026/02/12 17:44:13.203, 317.44 W, 100 %
2026/02/12 17:44:14.203, 319.61 W, 100 %
2026/02/12 17:44:15.203, 318.86 W, 100 %
2026/02/12 17:44:16.203, 318.47 W, 100 %
2026/02/12 17:44:17.203, 319.41 W, 100 %
2026/02/12 17:44:18.203, 318.51 W, 100 %
2026/02/12 17:44:19.203, 318.07 W, 100 %
2026/02/12 17:44:20.204, 320.00 W, 100 %
2026/02/12 17:44:21.204, 318.84 W, 100 %
2026/02/12 17:44:22.204, 318.52 W, 100 %
2026/02/12 17:44:23.204, 320.55 W, 100 %
2026/02/12 17:44:24.204, 319.35 W, 100 %
2026/02/12 17:44:25.204, 318.65 W, 100 %
2026/02/12 17:44:26.204, 321.00 W, 100 %
2026/02/12 17:44:27.204, 318.98 W, 100 %
2026/02/12 17:44:28.204, 318.66 W, 100 %
2026/02/12 17:44:29.204, 321.69 W, 100 %
2026/02/12 17:44:30.205, 318.82 W, 100 %
2026/02/12 17:44:31.205, 317.79 W, 100 %
2026/02/12 17:44:32.205, 320.92 W, 100 %
2026/02/12 17:44:33.205, 319.16 W, 100 %
2026/02/12 17:44:34.205, 317.95 W, 100 %
2026/02/12 17:44:35.205, 319.16 W, 100 %
2026/02/12 17:44:36.205, 319.57 W, 100 %
2026/02/12 17:44:37.205, 319.79 W, 100 %
2026/02/12 17:44:38.205, 319.60 W, 100 %
2026/02/12 17:44:39.206, 318.62 W, 100 %
2026/02/12 17:44:40.206, 318.90 W, 100 %
2026/02/12 17:44:41.206, 319.04 W, 100 %
2026/02/12 17:44:42.206, 319.48 W, 100 %
2026/02/12 17:44:43.206, 319.53 W, 100 %
2026/02/12 17:44:44.206, 318.87 W, 100 %
2026/02/12 17:44:45.206, 318.20 W, 100 %
2026/02/12 17:44:46.206, 318.33 W, 100 %
2026/02/12 17:44:47.206, 318.43 W, 100 %
2026/02/12 17:44:48.206, 319.43 W, 100 %
2026/02/12 17:44:49.207, 318.55 W, 100 %
2026/02/12 17:44:50.207, 318.54 W, 100 %
2026/02/12 17:44:51.207, 318.89 W, 100 %
2026/02/12 17:44:52.207, 317.34 W, 100 %
2026/02/12 17:44:53.207, 318.64 W, 100 %
2026/02/12 17:44:54.207, 319.28 W, 100 %
2026/02/12 17:44:55.207, 317.60 W, 100 %
2026/02/12 17:44:56.207, 318.79 W, 100 %
2026/02/12 17:44:57.207, 317.72 W, 100 %
2026/02/12 17:44:58.208, 318.00 W, 100 %
2026/02/12 17:44:59.208, 318.96 W, 100 %
2026/02/12 17:45:00.208, 319.10 W, 100 %
2026/02/12 17:45:01.208, 318.86 W, 100 %
2026/02/12 17:45:02.208, 318.83 W, 100 %
2026/02/12 17:45:03.208, 318.07 W, 100 %
2026/02/12 17:45:04.208, 319.93 W, 100 %
2026/02/12 17:45:05.208, 318.83 W, 100 %
2026/02/12 17:45:06.208, 319.03 W, 100 %
2026/02/12 17:45:07.209, 319.46 W, 100 %
2026/02/12 17:45:08.209, 318.90 W, 100 %
2026/02/12 17:45:09.209, 319.06 W, 100 %
2026/02/12 17:45:10.209, 319.40 W, 100 %
2026/02/12 17:45:11.209, 319.49 W, 100 %
2026/02/12 17:45:12.209, 318.68 W, 100 %
2026/02/12 17:45:13.209, 318.61 W, 100 %
2026/02/12 17:45:14.209, 319.40 W, 100 %
2026/02/12 17:45:15.209, 319.78 W, 100 %
2026/02/12 17:45:16.210, 319.29 W, 100 %
2026/02/12 17:45:17.210, 319.05 W, 100 %
2026/02/12 17:45:18.210, 318.78 W, 100 %
2026/02/12 17:45:19.210, 318.86 W, 100 %
2026/02/12 17:45:20.210, 318.96 W, 100 %
2026/02/12 17:45:21.210, 319.35 W, 100 %
2026/02/12 17:45:22.210, 320.08 W, 100 %
2026/02/12 17:45:23.210, 319.68 W, 100 %
2026/02/12 17:45:24.210, 318.85 W, 100 %
2026/02/12 17:45:25.210, 319.54 W, 100 %
2026/02/12 17:45:26.211, 319.22 W, 100 %
2026/02/12 17:45:27.211, 319.12 W, 100 %
2026/02/12 17:45:28.211, 321.20 W, 100 %
2026/02/12 17:45:29.211, 319.24 W, 100 %
2026/02/12 17:45:30.211, 319.38 W, 100 %
2026/02/12 17:45:31.211, 317.61 W, 100 %
2026/02/12 17:45:32.211, 319.02 W, 100 %
2026/02/12 17:45:33.211, 318.98 W, 100 %
2026/02/12 17:45:34.211, 318.95 W, 100 %
2026/02/12 17:45:35.212, 318.94 W, 100 %
2026/02/12 17:45:36.212, 318.68 W, 100 %
2026/02/12 17:45:37.212, 319.81 W, 100 %
2026/02/12 17:45:38.212, 319.19 W, 100 %
2026/02/12 17:45:39.212, 319.29 W, 100 %
2026/02/12 17:45:40.212, 320.04 W, 100 %
2026/02/12 17:45:41.212, 318.84 W, 100 %
2026/02/12 17:45:42.212, 319.08 W, 100 %
2026/02/12 17:45:43.212, 320.37 W, 100 %
2026/02/12 17:45:44.212, 319.50 W, 100 %
2026/02/12 17:45:45.213, 318.65 W, 100 %
2026/02/12 17:45:46.213, 319.84 W, 100 %
2026/02/12 17:45:47.213, 318.89 W, 100 %
2026/02/12 17:45:48.213, 318.87 W, 100 %
2026/02/12 17:45:49.213, 320.21 W, 100 %
2026/02/12 17:45:50.213, 319.20 W, 100 %
2026/02/12 17:45:51.213, 318.21 W, 100 %
2026/02/12 17:45:52.213, 320.61 W, 100 %
2026/02/12 17:45:53.213, 319.06 W, 100 %
2026/02/12 17:45:54.213, 319.35 W, 100 %
2026/02/12 17:45:55.213, 320.81 W, 100 %
2026/02/12 17:45:56.214, 318.87 W, 100 %
2026/02/12 17:45:57.214, 318.82 W, 100 %
2026/02/12 17:45:58.214, 321.74 W, 100 %
2026/02/12 17:45:59.214, 319.20 W, 100 %
2026/02/12 17:46:00.214, 318.70 W, 100 %
2026/02/12 17:46:01.214, 319.80 W, 100 %
2026/02/12 17:46:02.214, 319.17 W, 100 %
2026/02/12 17:46:03.214, 318.41 W, 100 %
2026/02/12 17:46:04.214, 319.29 W, 100 %
2026/02/12 17:46:05.214, 319.49 W, 100 %
2026/02/12 17:46:06.215, 318.63 W, 100 %
2026/02/12 17:46:07.215, 318.90 W, 100 %
2026/02/12 17:46:08.215, 319.62 W, 100 %
2026/02/12 17:46:09.215, 318.46 W, 100 %
2026/02/12 17:46:10.215, 319.08 W, 100 %
2026/02/12 17:46:11.215, 319.65 W, 100 %
2026/02/12 17:46:12.215, 319.78 W, 100 %
2026/02/12 17:46:13.215, 318.80 W, 100 %
2026/02/12 17:46:14.215, 319.56 W, 100 %
2026/02/12 17:46:15.216, 317.89 W, 100 %
2026/02/12 17:46:16.216, 318.81 W, 100 %
2026/02/12 17:46:17.216, 319.72 W, 100 %
2026/02/12 17:46:18.216, 319.53 W, 100 %
2026/02/12 17:46:19.216, 319.18 W, 100 %
2026/02/12 17:46:20.216, 319.64 W, 100 %
2026/02/12 17:46:21.216, 317.18 W, 100 %
2026/02/12 17:46:22.216, 319.33 W, 100 %
2026/02/12 17:46:23.216, 320.29 W, 100 %
2026/02/12 17:46:24.216, 317.27 W, 100 %
2026/02/12 17:46:25.216, 319.76 W, 100 %
2026/02/12 17:46:26.217, 319.31 W, 100 %
2026/02/12 17:46:27.217, 318.52 W, 100 %
2026/02/12 17:46:28.217, 319.23 W, 100 %
2026/02/12 17:46:29.217, 320.10 W, 100 %
2026/02/12 17:46:30.217, 319.87 W, 100 %
2026/02/12 17:46:31.217, 319.25 W, 100 %
2026/02/12 17:46:32.217, 319.26 W, 100 %
2026/02/12 17:46:33.217, 319.92 W, 100 %
2026/02/12 17:46:34.217, 319.22 W, 100 %
2026/02/12 17:46:35.218, 319.71 W, 100 %
2026/02/12 17:46:36.218, 320.19 W, 100 %
2026/02/12 17:46:37.218, 318.83 W, 100 %
2026/02/12 17:46:38.218, 319.14 W, 100 %
2026/02/12 17:46:39.218, 319.57 W, 100 %
2026/02/12 17:46:40.218, 318.46 W, 100 %
2026/02/12 17:46:41.218, 318.05 W, 100 %
2026/02/12 17:46:42.218, 320.29 W, 100 %
2026/02/12 17:46:43.218, 319.68 W, 100 %
2026/02/12 17:46:44.218, 319.64 W, 100 %
2026/02/12 17:46:45.219, 320.99 W, 100 %
2026/02/12 17:46:46.219, 319.50 W, 100 %
2026/02/12 17:46:47.219, 318.72 W, 100 %
2026/02/12 17:46:48.219, 320.74 W, 100 %
2026/02/12 17:46:49.219, 318.79 W, 100 %
2026/02/12 17:46:50.219, 318.56 W, 100 %
2026/02/12 17:46:51.219, 321.34 W, 100 %
2026/02/12 17:46:52.219, 319.49 W, 100 %
2026/02/12 17:46:53.219, 318.95 W, 100 %
2026/02/12 17:46:54.220, 319.70 W, 100 %
2026/02/12 17:46:55.220, 318.20 W, 100 %
2026/02/12 17:46:56.220, 318.73 W, 100 %
2026/02/12 17:46:57.220, 318.80 W, 100 %
2026/02/12 17:46:58.220, 319.61 W, 100 %
2026/02/12 17:46:59.220, 318.98 W, 100 %
2026/02/12 17:47:00.220, 318.76 W, 100 %
2026/02/12 17:47:01.220, 318.79 W, 100 %
2026/02/12 17:47:02.220, 319.29 W, 100 %
2026/02/12 17:47:03.220, 318.74 W, 100 %
2026/02/12 17:47:04.221, 319.32 W, 100 %
2026/02/12 17:47:05.221, 319.04 W, 100 %
2026/02/12 17:47:06.221, 319.27 W, 100 %
2026/02/12 17:47:07.221, 318.10 W, 100 %
2026/02/12 17:47:08.221, 318.37 W, 100 %
2026/02/12 17:47:09.221, 318.90 W, 100 %
2026/02/12 17:47:10.221, 319.79 W, 100 %
2026/02/12 17:47:11.221, 319.05 W, 100 %
2026/02/12 17:47:12.221, 318.98 W, 100 %
2026/02/12 17:47:13.222, 317.49 W, 100 %
2026/02/12 17:47:14.222, 317.98 W, 100 %
2026/02/12 17:47:15.222, 318.87 W, 100 %
2026/02/12 17:47:16.222, 319.45 W, 100 %
2026/02/12 17:47:17.222, 317.03 W, 100 %
2026/02/12 17:47:18.222, 319.12 W, 100 %
2026/02/12 17:47:19.222, 318.11 W, 100 %
2026/02/12 17:47:20.222, 318.84 W, 100 %
2026/02/12 17:47:21.222, 319.15 W, 100 %
2026/02/12 17:47:22.222, 318.95 W, 100 %
2026/02/12 17:47:23.223, 320.01 W, 100 %
2026/02/12 17:47:24.223, 318.29 W, 100 %
2026/02/12 17:47:25.223, 318.08 W, 100 %
2026/02/12 17:47:26.223, 319.19 W, 100 %
2026/02/12 17:47:27.223, 318.03 W, 100 %
2026/02/12 17:47:28.223, 318.79 W, 100 %
2026/02/12 17:47:29.223, 319.65 W, 100 %
2026/02/12 17:47:30.223, 318.62 W, 100 %
2026/02/12 17:47:31.223, 318.45 W, 100 %
2026/02/12 17:47:32.224, 319.68 W, 100 %
2026/02/12 17:47:33.224, 317.95 W, 100 %
2026/02/12 17:47:34.224, 318.67 W, 100 %
2026/02/12 17:47:35.224, 319.98 W, 100 %
2026/02/12 17:47:36.224, 318.70 W, 100 %
2026/02/12 17:47:37.224, 318.51 W, 100 %
2026/02/12 17:47:38.224, 319.91 W, 100 %
2026/02/12 17:47:39.224, 318.39 W, 100 %
2026/02/12 17:47:40.224, 318.76 W, 100 %
2026/02/12 17:47:41.224, 320.91 W, 100 %
2026/02/12 17:47:42.225, 318.86 W, 100 %
2026/02/12 17:47:43.225, 318.06 W, 100 %
2026/02/12 17:47:44.225, 320.71 W, 100 %
2026/02/12 17:47:45.225, 318.92 W, 100 %
2026/02/12 17:47:46.225, 318.36 W, 100 %
2026/02/12 17:47:47.225, 319.04 W, 100 %
2026/02/12 17:47:48.225, 318.45 W, 100 %
2026/02/12 17:47:49.225, 318.48 W, 100 %
2026/02/12 17:47:50.225, 319.26 W, 100 %
2026/02/12 17:47:51.226, 318.49 W, 100 %
2026/02/12 17:47:52.226, 318.96 W, 100 %
2026/02/12 17:47:53.226, 318.43 W, 100 %
2026/02/12 17:47:54.226, 319.30 W, 100 %
2026/02/12 17:47:55.226, 319.26 W, 100 %
2026/02/12 17:47:56.226, 318.97 W, 100 %
2026/02/12 17:47:57.226, 318.38 W, 100 %
2026/02/12 17:47:58.226, 318.46 W, 100 %
2026/02/12 17:47:59.226, 319.01 W, 100 %
2026/02/12 17:48:00.226, 319.70 W, 100 %
2026/02/12 17:48:01.226, 319.48 W, 100 %
2026/02/12 17:48:02.227, 318.86 W, 100 %
2026/02/12 17:48:03.227, 318.14 W, 100 %
2026/02/12 17:48:04.227, 319.28 W, 100 %
2026/02/12 17:48:05.227, 319.21 W, 100 %
2026/02/12 17:48:06.227, 319.72 W, 100 %
2026/02/12 17:48:07.227, 318.25 W, 100 %
2026/02/12 17:48:08.227, 319.41 W, 100 %
2026/02/12 17:48:09.227, 317.97 W, 100 %
2026/02/12 17:48:10.227, 317.86 W, 100 %
2026/02/12 17:48:11.228, 319.02 W, 100 %
2026/02/12 17:48:12.228, 319.61 W, 100 %
2026/02/12 17:48:13.228, 317.02 W, 100 %
2026/02/12 17:48:14.228, 318.07 W, 100 %
2026/02/12 17:48:15.228, 318.61 W, 100 %
2026/02/12 17:48:16.228, 317.51 W, 100 %
2026/02/12 17:48:17.228, 318.55 W, 100 %
2026/02/12 17:48:18.228, 318.77 W, 100 %
2026/02/12 17:48:19.228, 318.99 W, 100 %
2026/02/12 17:48:20.228, 318.91 W, 100 %
2026/02/12 17:48:21.229, 318.36 W, 100 %
2026/02/12 17:48:22.229, 319.46 W, 100 %
2026/02/12 17:48:23.229, 318.56 W, 100 %
2026/02/12 17:48:24.229, 318.92 W, 100 %
2026/02/12 17:48:25.229, 320.06 W, 100 %
2026/02/12 17:48:26.229, 318.78 W, 100 %
2026/02/12 17:48:27.229, 317.56 W, 100 %
2026/02/12 17:48:28.229, 319.80 W, 100 %
2026/02/12 17:48:29.229, 318.92 W, 100 %
2026/02/12 17:48:30.229, 318.77 W, 100 %
2026/02/12 17:48:31.230, 319.01 W, 100 %
2026/02/12 17:48:32.230, 319.38 W, 100 %
2026/02/12 17:48:33.230, 317.84 W, 100 %
2026/02/12 17:48:34.230, 319.93 W, 100 %
2026/02/12 17:48:35.230, 319.09 W, 100 %
2026/02/12 17:48:36.230, 319.29 W, 100 %
2026/02/12 17:48:37.230, 320.10 W, 100 %
2026/02/12 17:48:38.230, 319.27 W, 100 %
2026/02/12 17:48:39.230, 317.80 W, 100 %
2026/02/12 17:48:40.231, 320.42 W, 100 %
2026/02/12 17:48:41.231, 318.47 W, 100 %
2026/02/12 17:48:42.231, 319.16 W, 100 %
2026/02/12 17:48:43.231, 321.25 W, 100 %
2026/02/12 17:48:44.231, 319.41 W, 100 %
2026/02/12 17:48:45.231, 317.49 W, 100 %
2026/02/12 17:48:46.231, 321.54 W, 100 %
2026/02/12 17:48:47.231, 319.45 W, 100 %
2026/02/12 17:48:48.231, 319.42 W, 100 %
2026/02/12 17:48:49.231, 321.38 W, 100 %
2026/02/12 17:48:50.232, 319.48 W, 100 %
2026/02/12 17:48:51.232, 318.87 W, 100 %
2026/02/12 17:48:52.232, 319.09 W, 100 %
2026/02/12 17:48:53.232, 319.53 W, 100 %
2026/02/12 17:48:54.232, 318.94 W, 100 %
2026/02/12 17:48:55.232, 319.52 W, 100 %
2026/02/12 17:48:56.232, 319.78 W, 100 %
2026/02/12 17:48:57.232, 318.48 W, 100 %
2026/02/12 17:48:58.232, 319.33 W, 100 %
2026/02/12 17:48:59.232, 319.67 W, 100 %
2026/02/12 17:49:00.233, 319.51 W, 100 %
2026/02/12 17:49:01.233, 319.62 W, 100 %
2026/02/12 17:49:02.233, 319.59 W, 100 %
2026/02/12 17:49:03.233, 318.11 W, 100 %
2026/02/12 17:49:04.233, 319.01 W, 100 %
2026/02/12 17:49:05.233, 319.39 W, 100 %
2026/02/12 17:49:06.233, 319.11 W, 100 %
2026/02/12 17:49:07.233, 319.52 W, 100 %
2026/02/12 17:49:08.233, 320.10 W, 100 %
2026/02/12 17:49:09.234, 317.12 W, 100 %
2026/02/12 17:49:10.234, 318.86 W, 100 %
2026/02/12 17:49:11.234, 320.38 W, 100 %
2026/02/12 17:49:12.234, 318.07 W, 100 %
2026/02/12 17:49:13.234, 319.71 W, 100 %
2026/02/12 17:49:14.234, 319.46 W, 100 %
2026/02/12 17:49:15.234, 316.92 W, 100 %
2026/02/12 17:49:16.234, 319.42 W, 100 %
2026/02/12 17:49:17.234, 319.73 W, 100 %
2026/02/12 17:49:18.235, 318.40 W, 100 %
2026/02/12 17:49:19.235, 319.43 W, 100 %
2026/02/12 17:49:20.235, 319.35 W, 100 %
2026/02/12 17:49:21.235, 319.79 W, 100 %
2026/02/12 17:49:22.235, 319.26 W, 100 %
2026/02/12 17:49:23.235, 319.13 W, 100 %
2026/02/12 17:49:24.235, 319.56 W, 100 %
2026/02/12 17:49:25.235, 319.75 W, 100 %
2026/02/12 17:49:26.235, 318.82 W, 100 %
2026/02/12 17:49:27.235, 318.75 W, 100 %
2026/02/12 17:49:28.236, 319.77 W, 100 %
2026/02/12 17:49:29.236, 318.79 W, 100 %
2026/02/12 17:49:30.236, 319.14 W, 100 %
2026/02/12 17:49:31.236, 318.92 W, 100 %
2026/02/12 17:49:32.236, 318.87 W, 100 %
2026/02/12 17:49:33.236, 319.51 W, 100 %
2026/02/12 17:49:34.236, 318.39 W, 100 %
2026/02/12 17:49:35.236, 317.42 W, 100 %
2026/02/12 17:49:36.236, 320.75 W, 100 %
2026/02/12 17:49:37.236, 319.12 W, 100 %
2026/02/12 17:49:38.237, 318.87 W, 100 %
2026/02/12 17:49:39.237, 321.53 W, 100 %
2026/02/12 17:49:40.237, 319.61 W, 100 %
2026/02/12 17:49:41.237, 317.62 W, 100 %
2026/02/12 17:49:42.237, 321.07 W, 100 %
2026/02/12 17:49:43.237, 319.19 W, 100 %
2026/02/12 17:49:44.237, 319.06 W, 100 %
2026/02/12 17:49:45.237, 319.91 W, 100 %
2026/02/12 17:49:46.237, 319.92 W, 100 %
2026/02/12 17:49:47.238, 317.63 W, 100 %
2026/02/12 17:49:48.238, 318.62 W, 100 %
2026/02/12 17:49:49.238, 319.34 W, 100 %
2026/02/12 17:49:50.238, 318.81 W, 100 %
2026/02/12 17:49:51.238, 319.43 W, 100 %
2026/02/12 17:49:52.238, 319.60 W, 100 %
2026/02/12 17:49:53.238, 317.72 W, 100 %
2026/02/12 17:49:54.238, 319.36 W, 100 %
2026/02/12 17:49:55.238, 320.25 W, 100 %
2026/02/12 17:49:56.239, 318.98 W, 100 %
2026/02/12 17:49:57.239, 319.30 W, 100 %
2026/02/12 17:49:58.239, 319.62 W, 100 %
2026/02/12 17:49:59.239, 319.73 W, 100 %
2026/02/12 17:50:00.239, 319.76 W, 100 %
2026/02/12 17:50:01.239, 319.60 W, 100 %
2026/02/12 17:50:02.239, 317.89 W, 100 %
2026/02/12 17:50:03.239, 319.02 W, 100 %
2026/02/12 17:50:04.239, 319.89 W, 100 %
2026/02/12 17:50:05.240, 317.62 W, 100 %
2026/02/12 17:50:06.240, 318.98 W, 100 %
2026/02/12 17:50:07.240, 318.07 W, 100 %
2026/02/12 17:50:08.240, 318.35 W, 100 %
2026/02/12 17:50:09.240, 319.47 W, 100 %
2026/02/12 17:50:10.240, 319.41 W, 100 %
2026/02/12 17:50:11.240, 319.30 W, 100 %
2026/02/12 17:50:12.240, 318.99 W, 100 %
2026/02/12 17:50:13.240, 318.23 W, 100 %
2026/02/12 17:50:14.240, 320.10 W, 100 %
2026/02/12 17:50:15.241, 319.39 W, 100 %
2026/02/12 17:50:16.241, 319.56 W, 100 %
2026/02/12 17:50:17.241, 318.88 W, 100 %
2026/02/12 17:50:18.241, 318.69 W, 100 %
2026/02/12 17:50:19.241, 318.06 W, 100 %
2026/02/12 17:50:20.241, 319.13 W, 100 %
2026/02/12 17:50:21.241, 319.48 W, 100 %
2026/02/12 17:50:22.241, 319.85 W, 100 %
2026/02/12 17:50:23.241, 318.88 W, 100 %
2026/02/12 17:50:24.241, 318.19 W, 100 %
2026/02/12 17:50:25.242, 318.93 W, 100 %
2026/02/12 17:50:26.242, 318.42 W, 100 %
2026/02/12 17:50:27.242, 319.16 W, 100 %
2026/02/12 17:50:28.242, 319.59 W, 100 %
2026/02/12 17:50:29.242, 317.57 W, 100 %
2026/02/12 17:50:30.242, 318.59 W, 100 %
2026/02/12 17:50:31.242, 319.22 W, 100 %
2026/02/12 17:50:32.242, 321.31 W, 100 %
2026/02/12 17:50:33.242, 318.01 W, 100 %
2026/02/12 17:50:34.242, 318.78 W, 100 %
2026/02/12 17:50:35.243, 321.51 W, 100 %
2026/02/12 17:50:36.243, 319.41 W, 100 %
2026/02/12 17:50:37.243, 319.00 W, 100 %
2026/02/12 17:50:38.243, 320.96 W, 100 %
2026/02/12 17:50:39.243, 319.85 W, 100 %
2026/02/12 17:50:40.243, 318.48 W, 100 %
2026/02/12 17:50:41.243, 318.77 W, 100 %
2026/02/12 17:50:42.243, 319.56 W, 100 %
2026/02/12 17:50:43.243, 319.35 W, 100 %
2026/02/12 17:50:44.244, 317.78 W, 100 %
2026/02/12 17:50:45.244, 319.92 W, 100 %
2026/02/12 17:50:46.244, 319.55 W, 100 %
2026/02/12 17:50:47.244, 318.95 W, 100 %
2026/02/12 17:50:48.244, 320.48 W, 100 %
2026/02/12 17:50:49.244, 318.85 W, 100 %
2026/02/12 17:50:50.244, 319.73 W, 100 %
2026/02/12 17:50:51.244, 319.76 W, 100 %
2026/02/12 17:50:52.244, 318.16 W, 100 %
2026/02/12 17:50:53.244, 319.13 W, 100 %
2026/02/12 17:50:54.245, 319.65 W, 100 %
2026/02/12 17:50:55.245, 318.34 W, 100 %
2026/02/12 17:50:56.245, 319.05 W, 100 %
2026/02/12 17:50:57.245, 319.08 W, 100 %
2026/02/12 17:50:58.245, 316.21 W, 100 %
2026/02/12 17:50:59.245, 317.93 W, 100 %
2026/02/12 17:51:00.245, 319.10 W, 100 %
2026/02/12 17:51:01.245, 318.45 W, 100 %
2026/02/12 17:51:02.245, 319.06 W, 100 %
2026/02/12 17:51:03.245, 319.70 W, 100 %
2026/02/12 17:51:04.246, 318.90 W, 100 %
2026/02/12 17:51:05.246, 318.21 W, 100 %
2026/02/12 17:51:06.246, 318.88 W, 100 %
2026/02/12 17:51:07.246, 320.28 W, 100 %
2026/02/12 17:51:08.246, 318.90 W, 100 %
2026/02/12 17:51:09.246, 318.92 W, 100 %
2026/02/12 17:51:10.246, 319.44 W, 100 %
2026/02/12 17:51:11.246, 318.17 W, 100 %
2026/02/12 17:51:12.246, 319.65 W, 100 %
2026/02/12 17:51:13.246, 319.95 W, 100 %
2026/02/12 17:51:14.247, 319.50 W, 100 %
2026/02/12 17:51:15.247, 319.71 W, 100 %
2026/02/12 17:51:16.247, 319.18 W, 100 %
2026/02/12 17:51:17.247, 319.50 W, 100 %
2026/02/12 17:51:18.247, 319.79 W, 100 %
2026/02/12 17:51:19.247, 320.05 W, 100 %
2026/02/12 17:51:20.247, 319.28 W, 100 %
2026/02/12 17:51:21.247, 318.81 W, 100 %
2026/02/12 17:51:22.247, 319.56 W, 100 %
2026/02/12 17:51:23.247, 319.28 W, 100 %
2026/02/12 17:51:24.248, 319.35 W, 100 %
2026/02/12 17:51:25.248, 321.18 W, 100 %
2026/02/12 17:51:26.248, 319.54 W, 100 %
2026/02/12 17:51:27.248, 318.84 W, 100 %
2026/02/12 17:51:28.248, 320.73 W, 100 %
2026/02/12 17:51:29.248, 319.57 W, 100 %
2026/02/12 17:51:30.248, 318.99 W, 100 %
2026/02/12 17:51:31.248, 320.01 W, 100 %
2026/02/12 17:51:32.248, 318.90 W, 100 %
2026/02/12 17:51:33.249, 319.23 W, 100 %
2026/02/12 17:51:34.249, 317.67 W, 100 %
2026/02/12 17:51:35.249, 319.49 W, 100 %
2026/02/12 17:51:36.249, 319.29 W, 100 %
2026/02/12 17:51:37.249, 319.08 W, 100 %
2026/02/12 17:51:38.249, 320.37 W, 100 %
2026/02/12 17:51:39.249, 319.25 W, 100 %
2026/02/12 17:51:40.249, 319.06 W, 100 %
2026/02/12 17:51:41.249, 319.85 W, 100 %
2026/02/12 17:51:42.249, 319.80 W, 100 %
2026/02/12 17:51:43.250, 319.01 W, 100 %
2026/02/12 17:51:44.250, 319.23 W, 100 %
2026/02/12 17:51:45.250, 319.25 W, 100 %
2026/02/12 17:51:46.250, 319.48 W, 100 %
2026/02/12 17:51:47.250, 319.59 W, 100 %
2026/02/12 17:51:48.250, 317.46 W, 100 %
2026/02/12 17:51:49.250, 318.86 W, 100 %
2026/02/12 17:51:50.250, 319.41 W, 100 %
2026/02/12 17:51:51.250, 318.11 W, 100 %
2026/02/12 17:51:52.251, 319.39 W, 100 %
2026/02/12 17:51:53.251, 319.11 W, 100 %
2026/02/12 17:51:54.251, 316.66 W, 100 %
2026/02/12 17:51:55.251, 319.14 W, 100 %
2026/02/12 17:51:56.251, 319.15 W, 100 %
2026/02/12 17:51:57.251, 318.69 W, 100 %
2026/02/12 17:51:58.251, 319.08 W, 100 %
2026/02/12 17:51:59.251, 319.12 W, 100 %
2026/02/12 17:52:00.251, 319.25 W, 100 %
2026/02/12 17:52:01.251, 319.05 W, 100 %
2026/02/12 17:52:02.252, 319.20 W, 100 %
2026/02/12 17:52:03.252, 319.31 W, 100 %
2026/02/12 17:52:04.252, 318.73 W, 100 %
2026/02/12 17:52:05.252, 318.66 W, 100 %
2026/02/12 17:52:06.252, 320.32 W, 100 %
2026/02/12 17:52:07.252, 319.29 W, 100 %
2026/02/12 17:52:08.252, 319.11 W, 100 %
2026/02/12 17:52:09.252, 319.63 W, 100 %
2026/02/12 17:52:10.252, 318.96 W, 100 %
2026/02/12 17:52:11.252, 318.67 W, 100 %
2026/02/12 17:52:12.252, 320.18 W, 100 %
2026/02/12 17:52:13.253, 319.07 W, 100 %
2026/02/12 17:52:14.253, 319.19 W, 100 %
2026/02/12 17:52:15.253, 319.86 W, 100 %
2026/02/12 17:52:16.253, 318.55 W, 100 %
2026/02/12 17:52:17.253, 318.42 W, 100 %
2026/02/12 17:52:18.253, 319.40 W, 100 %
2026/02/12 17:52:19.253, 318.93 W, 100 %
2026/02/12 17:52:20.253, 318.76 W, 100 %
2026/02/12 17:52:21.253, 320.56 W, 100 %
2026/02/12 17:52:22.253, 319.76 W, 100 %
2026/02/12 17:52:23.254, 319.56 W, 100 %
2026/02/12 17:52:24.254, 321.53 W, 100 %
2026/02/12 17:52:25.254, 319.66 W, 100 %
2026/02/12 17:52:26.254, 318.92 W, 100 %
2026/02/12 17:52:27.254, 321.41 W, 100 %
2026/02/12 17:52:28.254, 318.86 W, 100 %
2026/02/12 17:52:29.254, 319.51 W, 100 %
2026/02/12 17:52:30.254, 320.83 W, 100 %
2026/02/12 17:52:31.254, 318.07 W, 100 %
2026/02/12 17:52:32.255, 319.22 W, 100 %
2026/02/12 17:52:33.255, 319.24 W, 100 %
2026/02/12 17:52:34.255, 319.96 W, 100 %
2026/02/12 17:52:35.255, 319.29 W, 100 %
2026/02/12 17:52:36.255, 318.16 W, 100 %
2026/02/12 17:52:37.255, 319.76 W, 100 %
2026/02/12 17:52:38.255, 319.54 W, 100 %
2026/02/12 17:52:39.255, 318.65 W, 100 %
2026/02/12 17:52:40.255, 319.45 W, 100 %
2026/02/12 17:52:41.255, 319.01 W, 100 %
2026/02/12 17:52:42.255, 317.59 W, 100 %
2026/02/12 17:52:43.256, 319.11 W, 100 %
2026/02/12 17:52:44.256, 318.14 W, 100 %
2026/02/12 17:52:45.256, 319.02 W, 100 %
2026/02/12 17:52:46.256, 319.24 W, 100 %
2026/02/12 17:52:47.256, 317.55 W, 100 %
2026/02/12 17:52:48.256, 319.04 W, 100 %
2026/02/12 17:52:49.256, 319.71 W, 100 %
2026/02/12 17:52:50.256, 317.01 W, 100 %
2026/02/12 17:52:51.256, 319.20 W, 100 %
2026/02/12 17:52:52.257, 319.45 W, 100 %
2026/02/12 17:52:53.257, 318.64 W, 100 %
2026/02/12 17:52:54.257, 319.05 W, 100 %
2026/02/12 17:52:55.257, 319.72 W, 100 %
2026/02/12 17:52:56.257, 318.83 W, 100 %
2026/02/12 17:52:57.257, 318.08 W, 100 %
2026/02/12 17:52:58.257, 319.26 W, 100 %
2026/02/12 17:52:59.257, 320.47 W, 100 %
2026/02/12 17:53:00.257, 319.10 W, 100 %
2026/02/12 17:53:01.257, 319.73 W, 100 %
2026/02/12 17:53:02.258, 319.64 W, 100 %
2026/02/12 17:53:03.258, 318.47 W, 100 %
2026/02/12 17:53:04.258, 319.11 W, 100 %
2026/02/12 17:53:05.258, 319.88 W, 100 %
2026/02/12 17:53:06.258, 318.76 W, 100 %
2026/02/12 17:53:07.258, 318.52 W, 100 %
2026/02/12 17:53:08.258, 318.79 W, 100 %
2026/02/12 17:53:09.258, 319.09 W, 100 %
2026/02/12 17:53:10.258, 319.22 W, 100 %
2026/02/12 17:53:11.259, 320.29 W, 100 %
2026/02/12 17:53:12.259, 318.86 W, 100 %
2026/02/12 17:53:13.259, 318.87 W, 100 %
2026/02/12 17:53:14.259, 320.87 W, 100 %
2026/02/12 17:53:15.259, 319.66 W, 100 %
2026/02/12 17:53:16.259, 319.31 W, 100 %
2026/02/12 17:53:17.259, 320.51 W, 100 %
2026/02/12 17:53:18.259, 319.49 W, 100 %
2026/02/12 17:53:19.259, 318.87 W, 100 %
2026/02/12 17:53:20.260, 320.43 W, 100 %
2026/02/12 17:53:21.260, 319.45 W, 100 %
2026/02/12 17:53:22.260, 318.94 W, 100 %
2026/02/12 17:53:23.260, 319.84 W, 100 %
2026/02/12 17:53:24.260, 319.50 W, 100 %
2026/02/12 17:53:25.260, 318.80 W, 100 %
2026/02/12 17:53:26.260, 318.50 W, 100 %
2026/02/12 17:53:27.260, 320.21 W, 100 %
2026/02/12 17:53:28.260, 319.24 W, 100 %
2026/02/12 17:53:29.261, 318.79 W, 100 %
2026/02/12 17:53:30.261, 319.82 W, 100 %
2026/02/12 17:53:31.261, 318.65 W, 100 %
2026/02/12 17:53:32.261, 317.19 W, 100 %
2026/02/12 17:53:33.261, 318.75 W, 100 %
2026/02/12 17:53:34.261, 318.93 W, 100 %
2026/02/12 17:53:35.261, 317.71 W, 100 %
2026/02/12 17:53:36.261, 319.51 W, 100 %
2026/02/12 17:53:37.261, 319.31 W, 100 %
2026/02/12 17:53:38.261, 319.19 W, 100 %
2026/02/12 17:53:39.262, 320.34 W, 100 %
2026/02/12 17:53:40.262, 318.15 W, 100 %
2026/02/12 17:53:41.262, 318.96 W, 100 %
2026/02/12 17:53:42.262, 319.84 W, 100 %
2026/02/12 17:53:43.262, 318.27 W, 100 %
2026/02/12 17:53:44.262, 319.83 W, 100 %
2026/02/12 17:53:45.262, 319.32 W, 100 %
2026/02/12 17:53:46.262, 317.74 W, 100 %
2026/02/12 17:53:47.262, 319.49 W, 100 %
2026/02/12 17:53:48.263, 319.04 W, 100 %
2026/02/12 17:53:49.263, 318.28 W, 100 %
2026/02/12 17:53:50.263, 318.71 W, 100 %
2026/02/12 17:53:51.263, 319.10 W, 100 %
2026/02/12 17:53:52.263, 320.01 W, 100 %
2026/02/12 17:53:53.263, 319.20 W, 100 %
2026/02/12 17:53:54.263, 319.46 W, 100 %
2026/02/12 17:53:55.263, 319.53 W, 100 %
2026/02/12 17:53:56.263, 319.31 W, 100 %
2026/02/12 17:53:57.263, 319.23 W, 100 %
2026/02/12 17:53:58.264, 319.31 W, 100 %
2026/02/12 17:53:59.264, 319.44 W, 100 %
2026/02/12 17:54:00.264, 319.14 W, 100 %
2026/02/12 17:54:01.264, 319.37 W, 100 %
2026/02/12 17:54:02.264, 319.59 W, 100 %
2026/02/12 17:54:03.264, 319.29 W, 100 %
2026/02/12 17:54:04.264, 318.93 W, 100 %
2026/02/12 17:54:05.264, 319.28 W, 100 %
2026/02/12 17:54:06.264, 319.36 W, 100 %
2026/02/12 17:54:07.265, 320.13 W, 100 %
2026/02/12 17:54:08.265, 319.49 W, 100 %
2026/02/12 17:54:09.265, 318.82 W, 100 %
2026/02/12 17:54:10.265, 319.39 W, 100 %
2026/02/12 17:54:11.265, 319.24 W, 100 %
2026/02/12 17:54:12.265, 319.27 W, 100 %
2026/02/12 17:54:13.265, 321.06 W, 100 %
2026/02/12 17:54:14.265, 319.86 W, 100 %
2026/02/12 17:54:15.265, 318.73 W, 100 %
2026/02/12 17:54:16.265, 321.33 W, 100 %
2026/02/12 17:54:17.266, 319.73 W, 100 %
2026/02/12 17:54:18.266, 319.26 W, 100 %
2026/02/12 17:54:19.266, 319.73 W, 100 %
2026/02/12 17:54:20.266, 319.86 W, 100 %
2026/02/12 17:54:21.266, 319.23 W, 100 %
2026/02/12 17:54:22.266, 319.67 W, 100 %
2026/02/12 17:54:23.266, 320.01 W, 100 %
2026/02/12 17:54:24.266, 318.83 W, 100 %
2026/02/12 17:54:25.266, 319.65 W, 100 %
2026/02/12 17:54:26.267, 320.01 W, 100 %
2026/02/12 17:54:27.267, 319.19 W, 100 %
2026/02/12 17:54:28.267, 319.98 W, 100 %
2026/02/12 17:54:29.267, 320.09 W, 100 %
2026/02/12 17:54:30.267, 319.05 W, 100 %
2026/02/12 17:54:31.267, 319.69 W, 100 %
2026/02/12 17:54:32.267, 320.07 W, 100 %
2026/02/12 17:54:33.267, 317.91 W, 100 %
2026/02/12 17:54:34.267, 319.19 W, 100 %
2026/02/12 17:54:35.267, 319.62 W, 100 %
2026/02/12 17:54:36.268, 318.27 W, 100 %
2026/02/12 17:54:37.268, 319.19 W, 100 %
2026/02/12 17:54:38.268, 319.10 W, 100 %
2026/02/12 17:54:39.268, 317.45 W, 100 %
2026/02/12 17:54:40.268, 318.42 W, 100 %
2026/02/12 17:54:41.268, 318.60 W, 100 %
2026/02/12 17:54:42.268, 318.85 W, 100 %
2026/02/12 17:54:43.268, 319.36 W, 100 %
2026/02/12 17:54:44.268, 318.88 W, 100 %
2026/02/12 17:54:45.269, 318.10 W, 100 %
2026/02/12 17:54:46.269, 318.79 W, 100 %
2026/02/12 17:54:47.269, 318.62 W, 100 %
2026/02/12 17:54:48.269, 318.90 W, 100 %
2026/02/12 17:54:49.269, 318.98 W, 100 %
2026/02/12 17:54:50.269, 319.27 W, 100 %
2026/02/12 17:54:51.269, 319.29 W, 100 %
2026/02/12 17:54:52.269, 319.13 W, 100 %
2026/02/12 17:54:53.269, 319.17 W, 100 %
2026/02/12 17:54:54.269, 319.07 W, 100 %
2026/02/12 17:54:55.270, 319.18 W, 100 %
2026/02/12 17:54:56.270, 319.36 W, 100 %
2026/02/12 17:54:57.270, 319.55 W, 100 %
2026/02/12 17:54:58.270, 319.48 W, 100 %
2026/02/12 17:54:59.270, 319.13 W, 100 %
2026/02/12 17:55:00.270, 318.57 W, 100 %
2026/02/12 17:55:01.270, 318.76 W, 100 %
2026/02/12 17:55:02.270, 319.56 W, 100 %
2026/02/12 17:55:03.270, 319.22 W, 100 %
2026/02/12 17:55:04.271, 318.89 W, 100 %
2026/02/12 17:55:05.271, 320.20 W, 100 %
2026/02/12 17:55:06.271, 318.46 W, 100 %
2026/02/12 17:55:07.271, 319.01 W, 100 %
2026/02/12 17:55:08.271, 319.82 W, 100 %
2026/02/12 17:55:09.271, 318.77 W, 100 %
2026/02/12 17:55:10.271, 317.86 W, 100 %
2026/02/12 17:55:11.271, 319.76 W, 100 %
2026/02/12 17:55:12.271, 317.67 W, 100 %
2026/02/12 17:55:13.272, 318.50 W, 100 %
2026/02/12 17:55:14.272, 319.44 W, 100 %
2026/02/12 17:55:15.272, 317.95 W, 100 %
2026/02/12 17:55:16.272, 318.07 W, 100 %
2026/02/12 17:55:17.272, 319.26 W, 100 %
2026/02/12 17:55:18.272, 318.43 W, 100 %
2026/02/12 17:55:19.272, 318.54 W, 100 %
2026/02/12 17:55:20.272, 319.56 W, 100 %
2026/02/12 17:55:21.272, 318.47 W, 100 %
2026/02/12 17:55:22.272, 319.47 W, 100 %
2026/02/12 17:55:23.273, 318.04 W, 100 %
2026/02/12 17:55:24.273, 320.15 W, 100 %
2026/02/12 17:55:25.273, 319.38 W, 100 %
2026/02/12 17:55:26.273, 318.15 W, 100 %
2026/02/12 17:55:27.273, 320.41 W, 100 %
2026/02/12 17:55:28.273, 319.40 W, 100 %
2026/02/12 17:55:29.273, 317.65 W, 100 %
2026/02/12 17:55:30.273, 320.45 W, 100 %
2026/02/12 17:55:31.273, 318.88 W, 100 %
2026/02/12 17:55:32.273, 319.11 W, 100 %
2026/02/12 17:55:33.274, 319.84 W, 100 %
2026/02/12 17:55:34.274, 319.27 W, 100 %
2026/02/12 17:55:35.274, 317.45 W, 100 %
2026/02/12 17:55:36.274, 321.15 W, 100 %
2026/02/12 17:55:37.274, 319.07 W, 100 %
2026/02/12 17:55:38.274, 317.49 W, 100 %
2026/02/12 17:55:39.274, 320.47 W, 100 %
2026/02/12 17:55:40.274, 318.90 W, 100 %
2026/02/12 17:55:41.274, 317.16 W, 100 %
2026/02/12 17:55:42.275, 320.88 W, 100 %
2026/02/12 17:55:43.275, 319.36 W, 100 %
2026/02/12 17:55:44.275, 318.05 W, 100 %
2026/02/12 17:55:45.275, 320.77 W, 100 %
2026/02/12 17:55:46.275, 319.16 W, 100 %
2026/02/12 17:55:47.275, 316.88 W, 100 %
2026/02/12 17:55:48.275, 320.59 W, 100 %
2026/02/12 17:55:49.275, 319.24 W, 100 %
2026/02/12 17:55:50.275, 318.01 W, 100 %
2026/02/12 17:55:51.275, 320.71 W, 100 %
2026/02/12 17:55:52.276, 319.17 W, 100 %
2026/02/12 17:55:53.276, 316.99 W, 100 %
2026/02/12 17:55:54.276, 319.26 W, 100 %
2026/02/12 17:55:55.276, 318.81 W, 100 %
2026/02/12 17:55:56.276, 318.91 W, 100 %
2026/02/12 17:55:57.276, 319.74 W, 100 %
2026/02/12 17:55:58.276, 319.29 W, 100 %
2026/02/12 17:55:59.276, 318.61 W, 100 %
2026/02/12 17:56:00.276, 318.99 W, 100 %
2026/02/12 17:56:01.277, 319.29 W, 100 %
2026/02/12 17:56:02.277, 319.36 W, 100 %
2026/02/12 17:56:03.277, 319.21 W, 100 %
2026/02/12 17:56:04.277, 319.55 W, 100 %
2026/02/12 17:56:05.277, 318.34 W, 100 %
2026/02/12 17:56:06.277, 318.27 W, 100 %
2026/02/12 17:56:07.277, 318.92 W, 100 %
2026/02/12 17:56:08.277, 319.34 W, 100 %
2026/02/12 17:56:09.277, 319.14 W, 100 %
2026/02/12 17:56:10.277, 319.21 W, 100 %
2026/02/12 17:56:11.278, 318.68 W, 100 %
2026/02/12 17:56:12.278, 318.66 W, 100 %
2026/02/12 17:56:13.278, 317.77 W, 100 %
2026/02/12 17:56:14.278, 318.69 W, 100 %
2026/02/12 17:56:15.278, 319.01 W, 100 %
2026/02/12 17:56:16.278, 319.56 W, 100 %
2026/02/12 17:56:17.278, 318.14 W, 100 %
2026/02/12 17:56:18.278, 318.49 W, 100 %
2026/02/12 17:56:19.278, 317.80 W, 100 %
2026/02/12 17:56:20.279, 317.71 W, 100 %
2026/02/12 17:56:21.279, 318.91 W, 100 %
2026/02/12 17:56:22.279, 319.06 W, 100 %
2026/02/12 17:56:23.279, 316.45 W, 100 %
2026/02/12 17:56:24.279, 318.84 W, 100 %
2026/02/12 17:56:25.279, 317.75 W, 100 %
2026/02/12 17:56:26.279, 317.92 W, 100 %
2026/02/12 17:56:27.279, 318.91 W, 100 %
2026/02/12 17:56:28.279, 319.06 W, 100 %
2026/02/12 17:56:29.279, 319.43 W, 100 %
2026/02/12 17:56:30.280, 318.40 W, 100 %
2026/02/12 17:56:31.280, 317.65 W, 100 %
2026/02/12 17:56:32.280, 319.76 W, 100 %
2026/02/12 17:56:33.280, 318.96 W, 100 %
2026/02/12 17:56:34.280, 318.68 W, 100 %
2026/02/12 17:56:35.280, 320.04 W, 100 %
2026/02/12 17:56:36.280, 318.40 W, 100 %
2026/02/12 17:56:37.280, 319.05 W, 100 %
2026/02/12 17:56:38.280, 319.67 W, 100 %
2026/02/12 17:56:39.280, 319.11 W, 100 %
2026/02/12 17:56:40.280, 318.83 W, 100 %
2026/02/12 17:56:41.281, 319.74 W, 100 %
2026/02/12 17:56:42.281, 319.28 W, 100 %
2026/02/12 17:56:43.281, 318.36 W, 100 %
2026/02/12 17:56:44.281, 319.65 W, 100 %
2026/02/12 17:56:45.281, 319.21 W, 100 %
2026/02/12 17:56:46.281, 318.90 W, 100 %
2026/02/12 17:56:47.281, 320.25 W, 100 %
2026/02/12 17:56:48.281, 318.66 W, 100 %
2026/02/12 17:56:49.281, 317.71 W, 100 %
2026/02/12 17:56:50.281, 321.02 W, 100 %
2026/02/12 17:56:51.282, 319.27 W, 100 %
2026/02/12 17:56:52.282, 319.06 W, 100 %
2026/02/12 17:56:53.282, 322.40 W, 100 %
2026/02/12 17:56:54.282, 319.30 W, 100 %
2026/02/12 17:56:55.282, 318.73 W, 100 %
2026/02/12 17:56:56.282, 319.82 W, 100 %
2026/02/12 17:56:57.282, 317.98 W, 100 %
2026/02/12 17:56:58.282, 318.25 W, 100 %
2026/02/12 17:56:59.282, 318.83 W, 100 %
2026/02/12 17:57:00.282, 319.15 W, 100 %
2026/02/12 17:57:01.282, 316.29 W, 100 %
2026/02/12 17:57:02.283, 317.06 W, 100 %
2026/02/12 17:57:03.283, 318.93 W, 100 %
2026/02/12 17:57:04.283, 318.40 W, 100 %
2026/02/12 17:57:05.283, 318.41 W, 100 %
2026/02/12 17:57:06.283, 318.98 W, 100 %
2026/02/12 17:57:07.283, 316.74 W, 100 %
2026/02/12 17:57:08.283, 318.12 W, 100 %
2026/02/12 17:57:09.283, 318.04 W, 100 %
2026/02/12 17:57:10.283, 317.98 W, 100 %
2026/02/12 17:57:11.284, 318.57 W, 100 %
2026/02/12 17:57:12.284, 319.18 W, 100 %
2026/02/12 17:57:13.284, 316.75 W, 100 %
2026/02/12 17:57:14.284, 318.11 W, 100 %
2026/02/12 17:57:15.284, 318.55 W, 100 %
2026/02/12 17:57:16.284, 316.93 W, 100 %
2026/02/12 17:57:17.284, 317.68 W, 100 %
2026/02/12 17:57:18.284, 319.17 W, 100 %
2026/02/12 17:57:19.284, 318.71 W, 100 %
2026/02/12 17:57:20.284, 318.59 W, 100 %
2026/02/12 17:57:21.284, 318.38 W, 100 %
2026/02/12 17:57:22.285, 319.45 W, 100 %
2026/02/12 17:57:23.285, 317.24 W, 100 %
2026/02/12 17:57:24.285, 318.81 W, 100 %
2026/02/12 17:57:25.285, 319.34 W, 100 %
2026/02/12 17:57:26.285, 318.72 W, 100 %
2026/02/12 17:57:27.285, 318.15 W, 100 %
2026/02/12 17:57:28.285, 319.14 W, 100 %
2026/02/12 17:57:29.285, 318.92 W, 100 %
2026/02/12 17:57:30.285, 319.15 W, 100 %
2026/02/12 17:57:31.285, 319.41 W, 100 %
2026/02/12 17:57:32.285, 318.89 W, 100 %
2026/02/12 17:57:33.286, 318.11 W, 100 %
2026/02/12 17:57:34.286, 319.13 W, 100 %
2026/02/12 17:57:35.286, 317.29 W, 100 %
2026/02/12 17:57:36.286, 318.73 W, 100 %
2026/02/12 17:57:37.286, 319.28 W, 100 %
2026/02/12 17:57:38.286, 318.31 W, 100 %
2026/02/12 17:57:39.286, 318.57 W, 100 %
2026/02/12 17:57:40.286, 319.39 W, 100 %
2026/02/12 17:57:41.286, 318.07 W, 100 %
2026/02/12 17:57:42.286, 318.52 W, 100 %
2026/02/12 17:57:43.287, 320.60 W, 100 %
2026/02/12 17:57:44.287, 319.13 W, 100 %
2026/02/12 17:57:45.287, 318.44 W, 100 %
2026/02/12 17:57:46.287, 320.52 W, 100 %
2026/02/12 17:57:47.287, 317.55 W, 100 %
2026/02/12 17:57:48.287, 318.92 W, 100 %
2026/02/12 17:57:49.287, 320.13 W, 100 %
2026/02/12 17:57:50.287, 319.11 W, 100 %
2026/02/12 17:57:51.287, 317.18 W, 100 %
2026/02/12 17:57:52.288, 318.27 W, 100 %
2026/02/12 17:57:53.288, 319.84 W, 100 %
2026/02/12 17:57:54.288, 318.37 W, 100 %
2026/02/12 17:57:55.288, 318.40 W, 100 %
2026/02/12 17:57:56.288, 319.76 W, 100 %
2026/02/12 17:57:57.288, 317.01 W, 100 %
2026/02/12 17:57:58.288, 318.28 W, 100 %
2026/02/12 17:57:59.288, 318.67 W, 100 %
2026/02/12 17:58:00.288, 317.37 W, 100 %
2026/02/12 17:58:01.288, 317.83 W, 100 %
2026/02/12 17:58:02.288, 320.33 W, 100 %
2026/02/12 17:58:03.289, 318.64 W, 100 %
2026/02/12 17:58:04.289, 319.38 W, 100 %
2026/02/12 17:58:05.289, 319.35 W, 100 %
2026/02/12 17:58:06.289, 317.90 W, 100 %
2026/02/12 17:58:07.289, 319.17 W, 100 %
2026/02/12 17:58:08.289, 319.77 W, 100 %
2026/02/12 17:58:09.289, 316.70 W, 100 %
2026/02/12 17:58:10.289, 317.91 W, 100 %
2026/02/12 17:58:11.289, 318.62 W, 100 %
2026/02/12 17:58:12.290, 317.26 W, 100 %
2026/02/12 17:58:13.290, 317.44 W, 100 %
2026/02/12 17:58:14.290, 318.83 W, 100 %
2026/02/12 17:58:15.290, 318.77 W, 100 %
2026/02/12 17:58:16.290, 317.80 W, 100 %
2026/02/12 17:58:17.290, 317.75 W, 100 %
2026/02/12 17:58:18.290, 320.28 W, 100 %
2026/02/12 17:58:19.290, 317.81 W, 100 %
2026/02/12 17:58:20.290, 319.00 W, 100 %
2026/02/12 17:58:21.290, 319.21 W, 100 %
2026/02/12 17:58:22.291, 318.97 W, 100 %
2026/02/12 17:58:23.291, 316.97 W, 100 %
2026/02/12 17:58:24.291, 320.41 W, 100 %
2026/02/12 17:58:25.291, 319.11 W, 100 %
2026/02/12 17:58:26.291, 318.82 W, 100 %
2026/02/12 17:58:27.291, 320.71 W, 100 %
2026/02/12 17:58:28.291, 318.99 W, 100 %
2026/02/12 17:58:29.291, 316.93 W, 100 %
2026/02/12 17:58:30.291, 320.70 W, 100 %
2026/02/12 17:58:31.292, 318.65 W, 100 %
2026/02/12 17:58:32.292, 318.12 W, 100 %
2026/02/12 17:58:33.292, 320.46 W, 100 %
2026/02/12 17:58:34.292, 318.95 W, 100 %
2026/02/12 17:58:35.292, 317.46 W, 100 %
2026/02/12 17:58:36.292, 320.64 W, 100 %
2026/02/12 17:58:37.292, 319.67 W, 100 %
2026/02/12 17:58:38.292, 319.37 W, 100 %
2026/02/12 17:58:39.292, 321.53 W, 100 %
2026/02/12 17:58:40.293, 318.38 W, 100 %
2026/02/12 17:58:41.293, 317.20 W, 100 %
2026/02/12 17:58:42.293, 320.58 W, 100 %
2026/02/12 17:58:43.293, 318.18 W, 100 %
2026/02/12 17:58:44.293, 319.01 W, 100 %
2026/02/12 17:58:45.293, 320.10 W, 100 %
2026/02/12 17:58:46.293, 318.95 W, 100 %
2026/02/12 17:58:47.293, 318.97 W, 100 %
2026/02/12 17:58:48.293, 319.14 W, 100 %
2026/02/12 17:58:49.293, 318.93 W, 100 %
2026/02/12 17:58:50.294, 318.67 W, 100 %
2026/02/12 17:58:51.294, 318.68 W, 100 %
2026/02/12 17:58:52.294, 319.52 W, 100 %
2026/02/12 17:58:53.294, 319.14 W, 100 %
2026/02/12 17:58:54.294, 318.63 W, 100 %
2026/02/12 17:58:55.294, 317.96 W, 100 %
2026/02/12 17:58:56.294, 319.13 W, 100 %
2026/02/12 17:58:57.294, 318.93 W, 100 %
2026/02/12 17:58:58.294, 319.31 W, 100 %
2026/02/12 17:58:59.295, 316.66 W, 100 %
2026/02/12 17:59:00.295, 317.44 W, 100 %
2026/02/12 17:59:01.295, 318.44 W, 100 %
2026/02/12 17:59:02.295, 317.38 W, 100 %
2026/02/12 17:59:03.295, 318.39 W, 100 %
2026/02/12 17:59:04.295, 319.73 W, 100 %
2026/02/12 17:59:05.295, 316.81 W, 100 %
2026/02/12 17:59:06.295, 318.62 W, 100 %
2026/02/12 17:59:07.295, 318.54 W, 100 %
2026/02/12 17:59:08.295, 317.03 W, 100 %
2026/02/12 17:59:09.296, 318.88 W, 100 %
2026/02/12 17:59:10.296, 318.03 W, 100 %
2026/02/12 17:59:11.296, 317.20 W, 100 %
2026/02/12 17:59:12.296, 318.46 W, 100 %
2026/02/12 17:59:13.296, 318.69 W, 100 %
2026/02/12 17:59:14.296, 318.41 W, 100 %
2026/02/12 17:59:15.296, 319.35 W, 100 %
2026/02/12 17:59:16.296, 319.00 W, 100 %
2026/02/12 17:59:17.296, 319.30 W, 100 %
2026/02/12 17:59:18.297, 318.68 W, 100 %
2026/02/12 17:59:19.297, 318.74 W, 100 %
2026/02/12 17:59:20.297, 320.71 W, 100 %
2026/02/12 17:59:21.297, 318.97 W, 100 %
2026/02/12 17:59:22.297, 318.55 W, 100 %
2026/02/12 17:59:23.297, 320.48 W, 100 %
2026/02/12 17:59:24.297, 318.55 W, 100 %
2026/02/12 17:59:25.297, 318.38 W, 100 %
2026/02/12 17:59:26.297, 318.47 W, 100 %
2026/02/12 17:59:27.298, 317.52 W, 100 %
2026/02/12 17:59:28.298, 318.85 W, 100 %
2026/02/12 17:59:29.298, 320.01 W, 100 %
2026/02/12 17:59:30.298, 318.65 W, 100 %
2026/02/12 17:59:31.298, 318.67 W, 100 %
2026/02/12 17:59:32.298, 320.10 W, 100 %
2026/02/12 17:59:33.298, 317.88 W, 100 %
2026/02/12 17:59:34.298, 318.82 W, 100 %
2026/02/12 17:59:35.298, 321.56 W, 100 %
2026/02/12 17:59:36.298, 318.82 W, 100 %
2026/02/12 17:59:37.299, 318.25 W, 100 %
2026/02/12 17:59:38.299, 321.18 W, 100 %
2026/02/12 17:59:39.299, 318.26 W, 100 %
2026/02/12 17:59:40.299, 319.08 W, 100 %
2026/02/12 17:59:41.299, 320.48 W, 100 %
2026/02/12 17:59:42.299, 318.76 W, 100 %
2026/02/12 17:59:43.299, 317.70 W, 100 %
2026/02/12 17:59:44.299, 318.28 W, 100 %
2026/02/12 17:59:45.299, 317.72 W, 100 %
2026/02/12 17:59:46.300, 319.08 W, 100 %
2026/02/12 17:59:47.300, 319.78 W, 100 %
2026/02/12 17:59:48.300, 318.89 W, 100 %
2026/02/12 17:59:49.300, 318.23 W, 100 %
2026/02/12 17:59:50.300, 320.04 W, 100 %
2026/02/12 17:59:51.300, 318.74 W, 100 %
2026/02/12 17:59:52.300, 319.03 W, 100 %
2026/02/12 17:59:53.300, 319.57 W, 100 %
2026/02/12 17:59:54.300, 317.83 W, 100 %
2026/02/12 17:59:55.300, 317.25 W, 100 %
2026/02/12 17:59:56.301, 320.90 W, 100 %
2026/02/12 17:59:57.301, 319.27 W, 100 %
2026/02/12 17:59:58.301, 319.16 W, 100 %
2026/02/12 17:59:59.301, 320.66 W, 100 %
2026/02/12 18:00:00.301, 318.31 W, 100 %
2026/02/12 18:00:01.301, 317.68 W, 100 %
2026/02/12 18:00:02.301, 320.67 W, 100 %
2026/02/12 18:00:03.301, 318.79 W, 100 %
2026/02/12 18:00:04.301, 318.63 W, 100 %
2026/02/12 18:00:05.302, 321.16 W, 100 %
2026/02/12 18:00:06.302, 318.98 W, 100 %
2026/02/12 18:00:07.302, 317.77 W, 100 %
2026/02/12 18:00:08.302, 319.43 W, 100 %
2026/02/12 18:00:09.302, 318.67 W, 100 %
2026/02/12 18:00:10.302, 318.12 W, 100 %
2026/02/12 18:00:11.302, 319.10 W, 100 %
2026/02/12 18:00:12.302, 319.37 W, 100 %
2026/02/12 18:00:13.302, 317.12 W, 100 %
2026/02/12 18:00:14.303, 317.82 W, 100 %
2026/02/12 18:00:15.303, 318.51 W, 100 %
2026/02/12 18:00:16.303, 318.09 W, 100 %
2026/02/12 18:00:17.303, 318.07 W, 100 %
2026/02/12 18:00:18.303, 319.53 W, 100 %
2026/02/12 18:00:19.303, 317.12 W, 100 %
2026/02/12 18:00:20.303, 317.79 W, 100 %
2026/02/12 18:00:21.303, 319.36 W, 100 %
2026/02/12 18:00:22.303, 318.51 W, 100 %
2026/02/12 18:00:23.304, 318.62 W, 100 %
2026/02/12 18:00:24.304, 319.67 W, 100 %
2026/02/12 18:00:25.304, 317.40 W, 100 %
2026/02/12 18:00:26.304, 318.62 W, 100 %
2026/02/12 18:00:27.304, 317.40 W, 100 %
2026/02/12 18:00:28.304, 318.12 W, 100 %
2026/02/12 18:00:29.304, 318.02 W, 100 %
2026/02/12 18:00:30.304, 318.29 W, 100 %
2026/02/12 18:00:31.304, 316.06 W, 100 %
2026/02/12 18:00:32.305, 318.49 W, 100 %
2026/02/12 18:00:33.305, 318.54 W, 100 %
2026/02/12 18:00:34.305, 316.37 W, 100 %
2026/02/12 18:00:35.305, 318.89 W, 100 %
2026/02/12 18:00:36.305, 319.34 W, 100 %
2026/02/12 18:00:37.305, 317.54 W, 100 %
2026/02/12 18:00:38.305, 317.91 W, 100 %
2026/02/12 18:00:39.305, 317.14 W, 100 %
2026/02/12 18:00:40.305, 318.43 W, 100 %
2026/02/12 18:00:41.305, 319.05 W, 100 %
2026/02/12 18:00:42.306, 319.50 W, 100 %
2026/02/12 18:00:43.306, 320.41 W, 100 %
2026/02/12 18:00:44.306, 318.84 W, 100 %
2026/02/12 18:00:45.306, 318.72 W, 100 %
2026/02/12 18:00:46.306, 319.76 W, 100 %
2026/02/12 18:00:47.306, 319.18 W, 100 %
2026/02/12 18:00:48.306, 318.49 W, 100 %
2026/02/12 18:00:49.306, 319.82 W, 100 %
2026/02/12 18:00:50.307, 318.54 W, 100 %
2026/02/12 18:00:51.307, 318.45 W, 100 %
2026/02/12 18:00:52.307, 318.53 W, 100 %
2026/02/12 18:00:53.307, 318.44 W, 100 %
2026/02/12 18:00:54.307, 318.50 W, 100 %
2026/02/12 18:00:55.307, 319.59 W, 100 %
2026/02/12 18:00:56.307, 318.62 W, 100 %
2026/02/12 18:00:57.307, 317.60 W, 100 %
2026/02/12 18:00:58.307, 319.48 W, 100 %
2026/02/12 18:00:59.308, 318.79 W, 100 %
2026/02/12 18:01:00.308, 318.82 W, 100 %
2026/02/12 18:01:01.308, 320.08 W, 100 %
2026/02/12 18:01:02.308, 319.64 W, 100 %
2026/02/12 18:01:03.308, 318.58 W, 100 %
2026/02/12 18:01:04.308, 320.77 W, 100 %
2026/02/12 18:01:05.308, 318.69 W, 100 %
2026/02/12 18:01:06.308, 319.10 W, 100 %
2026/02/12 18:01:07.308, 321.32 W, 100 %
2026/02/12 18:01:08.309, 319.50 W, 100 %
2026/02/12 18:01:09.309, 319.35 W, 100 %
2026/02/12 18:01:10.309, 321.00 W, 100 %
2026/02/12 18:01:11.309, 319.49 W, 100 %
2026/02/12 18:01:12.309, 319.10 W, 100 %
2026/02/12 18:01:13.309, 321.70 W, 100 %
2026/02/12 18:01:14.309, 319.96 W, 100 %
2026/02/12 18:01:15.309, 318.98 W, 100 %
2026/02/12 18:01:16.309, 320.77 W, 100 %
2026/02/12 18:01:17.309, 319.79 W, 100 %
2026/02/12 18:01:18.310, 319.51 W, 100 %
2026/02/12 18:01:19.310, 318.81 W, 100 %
2026/02/12 18:01:20.310, 319.82 W, 100 %
2026/02/12 18:01:21.310, 319.65 W, 100 %
2026/02/12 18:01:22.310, 318.75 W, 100 %
2026/02/12 18:01:23.310, 320.15 W, 100 %
2026/02/12 18:01:24.310, 319.65 W, 100 %
2026/02/12 18:01:25.310, 319.19 W, 100 %
2026/02/12 18:01:26.310, 320.39 W, 100 %
2026/02/12 18:01:27.311, 319.57 W, 100 %
2026/02/12 18:01:28.311, 318.78 W, 100 %
2026/02/12 18:01:29.311, 320.10 W, 100 %
2026/02/12 18:01:30.311, 319.01 W, 100 %
2026/02/12 18:01:31.311, 317.58 W, 100 %
2026/02/12 18:01:32.311, 320.28 W, 100 %
2026/02/12 18:01:33.311, 318.31 W, 100 %
2026/02/12 18:01:34.311, 319.68 W, 100 %
2026/02/12 18:01:35.311, 319.36 W, 100 %
2026/02/12 18:01:36.311, 317.82 W, 100 %
2026/02/12 18:01:37.312, 318.73 W, 100 %
2026/02/12 18:01:38.312, 319.44 W, 100 %
2026/02/12 18:01:39.312, 317.51 W, 100 %
2026/02/12 18:01:40.312, 318.76 W, 100 %
2026/02/12 18:01:41.312, 319.07 W, 100 %
2026/02/12 18:01:42.312, 317.00 W, 100 %
2026/02/12 18:01:43.312, 317.49 W, 100 %
2026/02/12 18:01:44.312, 319.23 W, 100 %
2026/02/12 18:01:45.312, 318.58 W, 100 %
2026/02/12 18:01:46.313, 318.21 W, 100 %
2026/02/12 18:01:47.313, 319.46 W, 100 %
2026/02/12 18:01:48.313, 319.47 W, 100 %
2026/02/12 18:01:49.313, 318.23 W, 100 %
2026/02/12 18:01:50.313, 319.15 W, 100 %
2026/02/12 18:01:51.313, 320.15 W, 100 %
2026/02/12 18:01:52.313, 318.55 W, 100 %
2026/02/12 18:01:53.313, 319.84 W, 100 %
2026/02/12 18:01:54.313, 320.54 W, 100 %
2026/02/12 18:01:55.314, 319.49 W, 100 %
2026/02/12 18:01:56.314, 317.62 W, 100 %
2026/02/12 18:01:57.314, 320.57 W, 100 %
2026/02/12 18:01:58.314, 318.80 W, 100 %
2026/02/12 18:01:59.314, 320.23 W, 100 %
2026/02/12 18:02:00.314, 320.18 W, 100 %
2026/02/12 18:02:01.314, 319.74 W, 100 %
2026/02/12 18:02:02.314, 318.98 W, 100 %
2026/02/12 18:02:03.314, 320.05 W, 100 %
2026/02/12 18:02:04.315, 318.87 W, 100 %
2026/02/12 18:02:05.315, 317.58 W, 100 %
2026/02/12 18:02:06.315, 321.05 W, 100 %
2026/02/12 18:02:07.315, 319.54 W, 100 %
2026/02/12 18:02:08.315, 319.62 W, 100 %
2026/02/12 18:02:09.315, 321.13 W, 100 %
2026/02/12 18:02:10.315, 317.88 W, 100 %
2026/02/12 18:02:11.315, 320.39 W, 100 %
2026/02/12 18:02:12.315, 321.89 W, 100 %
2026/02/12 18:02:13.315, 318.91 W, 100 %
2026/02/12 18:02:14.316, 319.10 W, 100 %
2026/02/12 18:02:15.316, 321.61 W, 100 %
2026/02/12 18:02:16.316, 318.39 W, 100 %
2026/02/12 18:02:17.316, 320.02 W, 100 %
2026/02/12 18:02:18.316, 320.85 W, 100 %
2026/02/12 18:02:19.316, 318.97 W, 100 %
2026/02/12 18:02:20.316, 318.72 W, 100 %
2026/02/12 18:02:21.316, 318.70 W, 100 %
2026/02/12 18:02:22.316, 318.66 W, 100 %
2026/02/12 18:02:23.317, 319.67 W, 100 %
2026/02/12 18:02:24.317, 319.22 W, 100 %
2026/02/12 18:02:25.317, 319.10 W, 100 %
2026/02/12 18:02:26.317, 318.53 W, 100 %
2026/02/12 18:02:27.317, 318.85 W, 100 %
2026/02/12 18:02:28.317, 318.30 W, 100 %
2026/02/12 18:02:29.317, 319.90 W, 100 %
2026/02/12 18:02:30.317, 319.58 W, 100 %
2026/02/12 18:02:31.317, 319.05 W, 100 %
2026/02/12 18:02:32.318, 318.76 W, 100 %
2026/02/12 18:02:33.318, 319.09 W, 100 %
2026/02/12 18:02:34.318, 318.61 W, 100 %
2026/02/12 18:02:35.318, 319.21 W, 100 %
2026/02/12 18:02:36.318, 319.28 W, 100 %
2026/02/12 18:02:37.318, 320.11 W, 100 %
2026/02/12 18:02:38.318, 317.86 W, 100 %
2026/02/12 18:02:39.318, 319.21 W, 100 %
2026/02/12 18:02:40.318, 318.09 W, 100 %
2026/02/12 18:02:41.319, 317.26 W, 100 %
2026/02/12 18:02:42.319, 319.06 W, 100 %
2026/02/12 18:02:43.319, 318.17 W, 100 %
2026/02/12 18:02:44.319, 318.38 W, 100 %
2026/02/12 18:02:45.319, 319.17 W, 100 %
2026/02/12 18:02:46.319, 317.77 W, 100 %
2026/02/12 18:02:47.319, 319.41 W, 100 %
2026/02/12 18:02:48.319, 319.10 W, 100 %
2026/02/12 18:02:49.319, 318.68 W, 100 %
2026/02/12 18:02:50.320, 320.25 W, 100 %
2026/02/12 18:02:51.320, 318.87 W, 100 %
2026/02/12 18:02:52.320, 317.41 W, 100 %
2026/02/12 18:02:53.320, 320.89 W, 100 %
2026/02/12 18:02:54.320, 319.29 W, 100 %
2026/02/12 18:02:55.320, 318.34 W, 100 %
2026/02/12 18:02:56.320, 320.19 W, 100 %
2026/02/12 18:02:57.320, 319.29 W, 100 %
2026/02/12 18:02:58.320, 317.29 W, 100 %
2026/02/12 18:02:59.320, 320.48 W, 100 %
2026/02/12 18:03:00.321, 319.04 W, 100 %
2026/02/12 18:03:01.321, 318.17 W, 100 %
2026/02/12 18:03:02.321, 320.49 W, 100 %
2026/02/12 18:03:03.321, 318.94 W, 100 %
2026/02/12 18:03:04.321, 316.82 W, 100 %
2026/02/12 18:03:05.321, 321.11 W, 100 %
2026/02/12 18:03:06.321, 318.31 W, 100 %
2026/02/12 18:03:07.321, 318.23 W, 100 %
2026/02/12 18:03:08.321, 320.45 W, 100 %
2026/02/12 18:03:09.322, 318.85 W, 100 %
2026/02/12 18:03:10.322, 318.16 W, 100 %
2026/02/12 18:03:11.322, 320.26 W, 100 %
2026/02/12 18:03:12.322, 318.98 W, 100 %
2026/02/12 18:03:13.322, 318.56 W, 100 %
2026/02/12 18:03:14.322, 320.96 W, 100 %
2026/02/12 18:03:15.322, 319.46 W, 100 %
2026/02/12 18:03:16.322, 316.37 W, 100 %
2026/02/12 18:03:17.322, 319.07 W, 100 %
2026/02/12 18:03:18.323, 319.45 W, 100 %
2026/02/12 18:03:19.323, 317.90 W, 100 %
2026/02/12 18:03:20.323, 318.09 W, 100 %
2026/02/12 18:03:21.323, 319.10 W, 100 %
2026/02/12 18:03:22.323, 316.66 W, 100 %
2026/02/12 18:03:23.323, 317.76 W, 100 %
2026/02/12 18:03:24.323, 319.34 W, 100 %
2026/02/12 18:03:25.323, 317.49 W, 100 %
2026/02/12 18:03:26.323, 317.69 W, 100 %
2026/02/12 18:03:27.323, 319.48 W, 100 %
2026/02/12 18:03:28.324, 316.75 W, 100 %
2026/02/12 18:03:29.324, 317.83 W, 100 %
2026/02/12 18:03:30.324, 319.23 W, 100 %
2026/02/12 18:03:31.324, 317.36 W, 100 %
2026/02/12 18:03:32.324, 318.00 W, 100 %
2026/02/12 18:03:33.324, 319.29 W, 100 %
2026/02/12 18:03:34.324, 316.48 W, 100 %
2026/02/12 18:03:35.324, 317.96 W, 100 %
2026/02/12 18:03:36.324, 319.09 W, 100 %
2026/02/12 18:03:37.325, 317.32 W, 100 %
2026/02/12 18:03:38.325, 318.39 W, 100 %
2026/02/12 18:03:39.325, 319.73 W, 100 %
2026/02/12 18:03:40.325, 317.00 W, 100 %
2026/02/12 18:03:41.325, 318.51 W, 100 %
2026/02/12 18:03:42.325, 318.21 W, 100 %
2026/02/12 18:03:43.325, 316.33 W, 100 %
2026/02/12 18:03:44.325, 317.87 W, 100 %
2026/02/12 18:03:45.325, 318.81 W, 100 %
2026/02/12 18:03:46.325, 317.65 W, 100 %
2026/02/12 18:03:47.325, 317.92 W, 100 %
2026/02/12 18:03:48.326, 318.20 W, 100 %
2026/02/12 18:03:49.326, 317.88 W, 100 %
2026/02/12 18:03:50.326, 319.04 W, 100 %
2026/02/12 18:03:51.326, 318.61 W, 100 %
2026/02/12 18:03:52.326, 319.79 W, 100 %
2026/02/12 18:03:53.326, 318.25 W, 100 %
2026/02/12 18:03:54.326, 318.54 W, 100 %
2026/02/12 18:03:55.326, 318.77 W, 100 %
2026/02/12 18:03:56.326, 317.21 W, 100 %
2026/02/12 18:03:57.327, 317.98 W, 100 %
2026/02/12 18:03:58.327, 319.26 W, 100 %
2026/02/12 18:03:59.327, 318.70 W, 100 %
2026/02/12 18:04:00.327, 318.62 W, 100 %
2026/02/12 18:04:01.327, 319.96 W, 100 %
2026/02/12 18:04:02.327, 318.63 W, 100 %
2026/02/12 18:04:03.327, 318.90 W, 100 %
2026/02/12 18:04:04.327, 320.05 W, 100 %
2026/02/12 18:04:05.327, 318.59 W, 100 %
2026/02/12 18:04:06.328, 318.22 W, 100 %
2026/02/12 18:04:07.328, 319.60 W, 100 %
2026/02/12 18:04:08.328, 316.99 W, 100 %
2026/02/12 18:04:09.328, 318.45 W, 100 %
2026/02/12 18:04:10.328, 320.28 W, 100 %
2026/02/12 18:04:11.328, 318.39 W, 100 %
2026/02/12 18:04:12.328, 318.43 W, 100 %
2026/02/12 18:04:13.328, 320.86 W, 100 %
2026/02/12 18:04:14.328, 318.17 W, 100 %
2026/02/12 18:04:15.329, 319.09 W, 100 %
2026/02/12 18:04:16.329, 320.60 W, 100 %
2026/02/12 18:04:17.329, 318.30 W, 100 %
2026/02/12 18:04:18.329, 317.61 W, 100 %
2026/02/12 18:04:19.329, 317.95 W, 100 %
2026/02/12 18:04:20.329, 318.29 W, 100 %
2026/02/12 18:04:21.329, 319.40 W, 100 %
2026/02/12 18:04:22.329, 318.99 W, 100 %
2026/02/12 18:04:23.329, 319.04 W, 100 %
2026/02/12 18:04:24.329, 316.61 W, 100 %
2026/02/12 18:04:25.330, 317.87 W, 100 %
2026/02/12 18:04:26.330, 318.80 W, 100 %
2026/02/12 18:04:27.330, 318.55 W, 100 %
2026/02/12 18:04:28.330, 319.16 W, 100 %
2026/02/12 18:04:29.330, 319.08 W, 100 %
2026/02/12 18:04:30.330, 317.53 W, 100 %
2026/02/12 18:04:31.330, 320.92 W, 100 %
2026/02/12 18:04:32.330, 318.76 W, 100 %
2026/02/12 18:04:33.330, 317.35 W, 100 %
2026/02/12 18:04:34.331, 320.43 W, 100 %
2026/02/12 18:04:35.331, 319.07 W, 100 %
2026/02/12 18:04:36.331, 317.56 W, 100 %
2026/02/12 18:04:37.331, 320.77 W, 100 %
2026/02/12 18:04:38.331, 319.44 W, 100 %
2026/02/12 18:04:39.331, 317.38 W, 100 %
2026/02/12 18:04:40.331, 319.39 W, 100 %
2026/02/12 18:04:41.331, 319.19 W, 100 %
2026/02/12 18:04:42.331, 316.80 W, 100 %
2026/02/12 18:04:43.331, 318.11 W, 100 %
2026/02/12 18:04:44.332, 318.99 W, 100 %
2026/02/12 18:04:45.332, 317.52 W, 100 %
2026/02/12 18:04:46.332, 317.48 W, 100 %
2026/02/12 18:04:47.332, 319.54 W, 100 %
2026/02/12 18:04:48.332, 318.66 W, 100 %
2026/02/12 18:04:49.332, 318.60 W, 100 %
2026/02/12 18:04:50.332, 319.53 W, 100 %
2026/02/12 18:04:51.332, 319.34 W, 100 %
2026/02/12 18:04:52.332, 318.98 W, 100 %
2026/02/12 18:04:53.333, 319.55 W, 100 %
2026/02/12 18:04:54.333, 316.08 W, 100 %
2026/02/12 18:04:55.333, 317.74 W, 100 %
2026/02/12 18:04:56.333, 318.49 W, 100 %
2026/02/12 18:04:57.333, 318.38 W, 100 %
2026/02/12 18:04:58.333, 319.02 W, 100 %
2026/02/12 18:04:59.333, 318.59 W, 100 %
2026/02/12 18:05:00.333, 317.43 W, 100 %
2026/02/12 18:05:01.333, 318.67 W, 100 %
2026/02/12 18:05:02.334, 318.79 W, 100 %
2026/02/12 18:05:03.334, 317.87 W, 100 %
2026/02/12 18:05:04.334, 318.86 W, 100 %
2026/02/12 18:05:05.334, 318.15 W, 100 %
2026/02/12 18:05:06.334, 318.63 W, 100 %
2026/02/12 18:05:07.334, 319.08 W, 100 %
2026/02/12 18:05:08.334, 318.83 W, 100 %
2026/02/12 18:05:09.334, 320.17 W, 100 %
2026/02/12 18:05:10.334, 319.35 W, 100 %
2026/02/12 18:05:11.334, 319.52 W, 100 %
2026/02/12 18:05:12.335, 319.53 W, 100 %
2026/02/12 18:05:13.335, 318.34 W, 100 %
2026/02/12 18:05:14.335, 319.20 W, 100 %
2026/02/12 18:05:15.335, 320.11 W, 100 %
2026/02/12 18:05:16.335, 318.18 W, 100 %
2026/02/12 18:05:17.335, 320.10 W, 100 %
2026/02/12 18:05:18.335, 320.40 W, 100 %
2026/02/12 18:05:19.335, 318.59 W, 100 %
2026/02/12 18:05:20.335, 319.21 W, 100 %
2026/02/12 18:05:21.336, 319.92 W, 100 %
2026/02/12 18:05:22.336, 318.03 W, 100 %
2026/02/12 18:05:23.336, 319.09 W, 100 %
2026/02/12 18:05:24.336, 320.96 W, 100 %
2026/02/12 18:05:25.336, 318.44 W, 100 %
2026/02/12 18:05:26.336, 318.89 W, 100 %
2026/02/12 18:05:27.336, 321.20 W, 100 %
2026/02/12 18:05:28.336, 319.14 W, 100 %
2026/02/12 18:05:29.336, 318.76 W, 100 %
2026/02/12 18:05:30.337, 321.58 W, 100 %
2026/02/12 18:05:31.337, 318.05 W, 100 %
2026/02/12 18:05:32.337, 319.25 W, 100 %
2026/02/12 18:05:33.337, 320.18 W, 100 %
2026/02/12 18:05:34.337, 319.65 W, 100 %
2026/02/12 18:05:35.337, 318.90 W, 100 %
2026/02/12 18:05:36.337, 319.22 W, 100 %
2026/02/12 18:05:37.337, 320.19 W, 100 %
2026/02/12 18:05:38.337, 319.06 W, 100 %
2026/02/12 18:05:39.338, 317.89 W, 100 %
2026/02/12 18:05:40.338, 319.82 W, 100 %
2026/02/12 18:05:41.338, 319.89 W, 100 %
2026/02/12 18:05:42.338, 318.86 W, 100 %
2026/02/12 18:05:43.338, 319.84 W, 100 %
2026/02/12 18:05:44.338, 319.16 W, 100 %
2026/02/12 18:05:45.338, 317.73 W, 100 %
2026/02/12 18:05:46.338, 319.80 W, 100 %
2026/02/12 18:05:47.338, 318.54 W, 100 %
2026/02/12 18:05:48.338, 318.53 W, 100 %
2026/02/12 18:05:49.339, 319.96 W, 100 %
2026/02/12 18:05:50.339, 318.20 W, 100 %
2026/02/12 18:05:51.339, 317.87 W, 100 %
2026/02/12 18:05:52.339, 319.26 W, 100 %
2026/02/12 18:05:53.339, 316.91 W, 100 %
2026/02/12 18:05:54.339, 318.48 W, 100 %
2026/02/12 18:05:55.339, 318.88 W, 100 %
2026/02/12 18:05:56.339, 317.94 W, 100 %
2026/02/12 18:05:57.339, 319.11 W, 100 %
2026/02/12 18:05:58.340, 320.10 W, 100 %
2026/02/12 18:05:59.340, 319.52 W, 100 %
2026/02/12 18:06:00.340, 319.13 W, 100 %
2026/02/12 18:06:01.340, 319.25 W, 100 %
2026/02/12 18:06:02.340, 319.30 W, 100 %
2026/02/12 18:06:03.340, 319.55 W, 100 %
2026/02/12 18:06:04.340, 319.13 W, 100 %
2026/02/12 18:06:05.340, 319.03 W, 100 %
2026/02/12 18:06:06.340, 319.30 W, 100 %
2026/02/12 18:06:07.340, 319.16 W, 100 %
2026/02/12 18:06:08.341, 319.75 W, 100 %
2026/02/12 18:06:09.341, 318.89 W, 100 %
2026/02/12 18:06:10.341, 318.66 W, 100 %
2026/02/12 18:06:11.341, 318.80 W, 100 %
2026/02/12 18:06:12.341, 319.45 W, 100 %
2026/02/12 18:06:13.341, 319.12 W, 100 %
2026/02/12 18:06:14.341, 320.21 W, 100 %
2026/02/12 18:06:15.341, 319.35 W, 100 %
2026/02/12 18:06:16.341, 319.02 W, 100 %
2026/02/12 18:06:17.342, 319.69 W, 100 %
2026/02/12 18:06:18.342, 319.44 W, 100 %
2026/02/12 18:06:19.342, 319.32 W, 100 %
2026/02/12 18:06:20.342, 321.73 W, 100 %
2026/02/12 18:06:21.342, 319.61 W, 100 %
2026/02/12 18:06:22.342, 318.77 W, 100 %
2026/02/12 18:06:23.343, 320.33 W, 100 %
2026/02/12 18:06:24.343, 319.74 W, 100 %
2026/02/12 18:06:25.343, 317.71 W, 100 %
2026/02/12 18:06:26.343, 319.18 W, 100 %
2026/02/12 18:06:27.343, 319.67 W, 100 %
2026/02/12 18:06:28.344, 318.25 W, 100 %
2026/02/12 18:06:29.344, 318.57 W, 100 %
2026/02/12 18:06:30.344, 319.66 W, 100 %
2026/02/12 18:06:31.344, 319.35 W, 100 %
2026/02/12 18:06:32.344, 318.93 W, 100 %
2026/02/12 18:06:33.344, 318.55 W, 100 %
2026/02/12 18:06:34.344, 318.45 W, 100 %
2026/02/12 18:06:35.344, 319.18 W, 100 %
2026/02/12 18:06:36.344, 319.47 W, 100 %
2026/02/12 18:06:37.344, 319.18 W, 100 %
2026/02/12 18:06:38.345, 318.72 W, 100 %
2026/02/12 18:06:39.345, 319.04 W, 100 %
2026/02/12 18:06:40.345, 317.73 W, 100 %
2026/02/12 18:06:41.345, 318.68 W, 100 %
2026/02/12 18:06:42.345, 319.70 W, 100 %
2026/02/12 18:06:43.345, 318.47 W, 100 %
2026/02/12 18:06:44.345, 319.49 W, 100 %
2026/02/12 18:06:45.345, 319.98 W, 100 %
2026/02/12 18:06:46.345, 317.53 W, 100 %
2026/02/12 18:06:47.346, 318.86 W, 100 %
2026/02/12 18:06:48.346, 319.07 W, 100 %
2026/02/12 18:06:49.346, 318.99 W, 100 %
2026/02/12 18:06:50.346, 318.80 W, 100 %
2026/02/12 18:06:51.346, 318.58 W, 100 %
2026/02/12 18:06:52.346, 319.45 W, 100 %
2026/02/12 18:06:53.346, 318.53 W, 100 %
2026/02/12 18:06:54.346, 319.02 W, 100 %
2026/02/12 18:06:55.346, 319.92 W, 100 %
2026/02/12 18:06:56.347, 318.97 W, 100 %
2026/02/12 18:06:57.347, 317.54 W, 100 %
2026/02/12 18:06:58.347, 320.00 W, 100 %
2026/02/12 18:06:59.347, 319.21 W, 100 %
2026/02/12 18:07:00.347, 319.25 W, 100 %
2026/02/12 18:07:01.347, 319.53 W, 100 %
2026/02/12 18:07:02.347, 318.76 W, 100 %
2026/02/12 18:07:03.347, 317.08 W, 100 %
2026/02/12 18:07:04.347, 319.96 W, 100 %
2026/02/12 18:07:05.348, 318.60 W, 100 %
2026/02/12 18:07:06.348, 318.26 W, 100 %
2026/02/12 18:07:07.348, 319.70 W, 100 %
2026/02/12 18:07:08.348, 318.88 W, 100 %
2026/02/12 18:07:09.348, 318.99 W, 100 %
2026/02/12 18:07:10.348, 321.65 W, 100 %
2026/02/12 18:07:11.348, 318.75 W, 100 %
2026/02/12 18:07:12.348, 318.72 W, 100 %
2026/02/12 18:07:13.348, 320.95 W, 100 %
2026/02/12 18:07:14.349, 319.35 W, 100 %
2026/02/12 18:07:15.349, 318.50 W, 100 %
2026/02/12 18:07:16.349, 318.78 W, 100 %
2026/02/12 18:07:17.349, 318.10 W, 100 %
2026/02/12 18:07:18.349, 318.81 W, 100 %
2026/02/12 18:07:19.349, 318.76 W, 100 %
2026/02/12 18:07:20.349, 319.85 W, 100 %
2026/02/12 18:07:21.349, 319.07 W, 100 %
2026/02/12 18:07:22.349, 318.54 W, 100 %
2026/02/12 18:07:23.349, 319.11 W, 100 %
2026/02/12 18:07:24.350, 318.30 W, 100 %
2026/02/12 18:07:25.350, 318.83 W, 100 %
2026/02/12 18:07:26.350, 319.05 W, 100 %
2026/02/12 18:07:27.350, 316.69 W, 100 %
2026/02/12 18:07:28.350, 317.78 W, 100 %
2026/02/12 18:07:29.350, 317.84 W, 100 %
2026/02/12 18:07:30.350, 317.05 W, 100 %
2026/02/12 18:07:31.350, 316.88 W, 100 %
2026/02/12 18:07:32.350, 319.36 W, 100 %
2026/02/12 18:07:33.351, 316.45 W, 100 %
2026/02/12 18:07:34.351, 319.19 W, 100 %
2026/02/12 18:07:35.351, 317.67 W, 100 %
2026/02/12 18:07:36.351, 319.10 W, 100 %
2026/02/12 18:07:37.351, 319.13 W, 100 %
2026/02/12 18:07:38.351, 318.21 W, 100 %
2026/02/12 18:07:39.351, 320.08 W, 100 %
2026/02/12 18:07:40.351, 319.01 W, 100 %
2026/02/12 18:07:41.351, 317.91 W, 100 %
2026/02/12 18:07:42.351, 320.86 W, 100 %
2026/02/12 18:07:43.352, 319.30 W, 100 %
2026/02/12 18:07:44.352, 319.42 W, 100 %
2026/02/12 18:07:45.352, 319.97 W, 100 %
2026/02/12 18:07:46.352, 318.38 W, 100 %
2026/02/12 18:07:47.352, 319.14 W, 100 %
2026/02/12 18:07:48.352, 320.43 W, 100 %
2026/02/12 18:07:49.352, 318.95 W, 100 %
2026/02/12 18:07:50.352, 318.66 W, 100 %
2026/02/12 18:07:51.352, 320.48 W, 100 %
2026/02/12 18:07:52.353, 318.62 W, 100 %
2026/02/12 18:07:53.353, 319.12 W, 100 %
2026/02/12 18:07:54.353, 321.29 W, 100 %
2026/02/12 18:07:55.353, 318.42 W, 100 %
2026/02/12 18:07:56.353, 319.28 W, 100 %
2026/02/12 18:07:57.353, 321.58 W, 100 %
2026/02/12 18:07:58.353, 318.66 W, 100 %
2026/02/12 18:07:59.353, 318.68 W, 100 %
2026/02/12 18:08:00.353, 320.30 W, 100 %
2026/02/12 18:08:01.354, 318.36 W, 100 %
2026/02/12 18:08:02.354, 318.68 W, 100 %
2026/02/12 18:08:03.354, 319.50 W, 100 %
2026/02/12 18:08:04.354, 319.76 W, 100 %
2026/02/12 18:08:05.354, 319.06 W, 100 %
2026/02/12 18:08:06.354, 319.13 W, 100 %
2026/02/12 18:08:07.354, 319.56 W, 100 %
2026/02/12 18:08:08.354, 318.68 W, 100 %
2026/02/12 18:08:09.354, 318.97 W, 100 %
2026/02/12 18:08:10.354, 319.83 W, 100 %
2026/02/12 18:08:11.355, 319.29 W, 100 %
2026/02/12 18:08:12.355, 319.08 W, 100 %
2026/02/12 18:08:13.355, 319.33 W, 100 %
2026/02/12 18:08:14.355, 318.48 W, 100 %
2026/02/12 18:08:15.355, 318.31 W, 100 %
2026/02/12 18:08:16.355, 319.89 W, 100 %
2026/02/12 18:08:17.355, 318.29 W, 100 %
2026/02/12 18:08:18.355, 318.05 W, 100 %
2026/02/12 18:08:19.355, 319.78 W, 100 %
2026/02/12 18:08:20.355, 317.42 W, 100 %
2026/02/12 18:08:21.356, 319.07 W, 100 %
2026/02/12 18:08:22.356, 319.68 W, 100 %
2026/02/12 18:08:23.356, 318.57 W, 100 %
2026/02/12 18:08:24.356, 319.48 W, 100 %
2026/02/12 18:08:25.356, 319.98 W, 100 %
2026/02/12 18:08:26.356, 318.67 W, 100 %
2026/02/12 18:08:27.356, 319.59 W, 100 %
2026/02/12 18:08:28.356, 319.55 W, 100 %
2026/02/12 18:08:29.356, 320.19 W, 100 %
2026/02/12 18:08:30.357, 319.58 W, 100 %
2026/02/12 18:08:31.357, 318.41 W, 100 %
2026/02/12 18:08:32.357, 318.58 W, 100 %
2026/02/12 18:08:33.357, 319.40 W, 100 %
2026/02/12 18:08:34.357, 319.71 W, 100 %
2026/02/12 18:08:35.357, 319.55 W, 100 %
2026/02/12 18:08:36.357, 318.86 W, 100 %
2026/02/12 18:08:37.357, 318.91 W, 100 %
2026/02/12 18:08:38.357, 320.18 W, 100 %
2026/02/12 18:08:39.357, 319.61 W, 100 %
2026/02/12 18:08:40.358, 318.21 W, 100 %
2026/02/12 18:08:41.358, 320.60 W, 100 %
2026/02/12 18:08:42.358, 319.05 W, 100 %
2026/02/12 18:08:43.358, 319.42 W, 100 %
2026/02/12 18:08:44.358, 321.41 W, 100 %
2026/02/12 18:08:45.358, 318.97 W, 100 %
2026/02/12 18:08:46.358, 317.61 W, 100 %
2026/02/12 18:08:47.358, 321.61 W, 100 %
2026/02/12 18:08:48.359, 319.76 W, 100 %
2026/02/12 18:08:49.359, 318.77 W, 100 %
2026/02/12 18:08:50.359, 320.37 W, 100 %
2026/02/12 18:08:51.359, 319.67 W, 100 %
2026/02/12 18:08:52.359, 318.59 W, 100 %
2026/02/12 18:08:53.359, 320.06 W, 100 %
2026/02/12 18:08:54.359, 320.13 W, 100 %
2026/02/12 18:08:55.360, 319.30 W, 100 %
2026/02/12 18:08:56.360, 319.34 W, 100 %
2026/02/12 18:08:57.360, 320.01 W, 100 %
2026/02/12 18:08:58.360, 319.02 W, 100 %
2026/02/12 18:08:59.360, 319.39 W, 100 %
2026/02/12 18:09:00.360, 318.24 W, 100 %
2026/02/12 18:09:01.360, 319.35 W, 100 %
2026/02/12 18:09:02.361, 319.25 W, 100 %
2026/02/12 18:09:03.361, 318.99 W, 100 %
2026/02/12 18:09:04.361, 316.50 W, 100 %
2026/02/12 18:09:05.361, 317.66 W, 100 %
2026/02/12 18:09:06.361, 318.40 W, 100 %
2026/02/12 18:09:07.361, 316.04 W, 100 %
2026/02/12 18:09:08.361, 317.89 W, 100 %
2026/02/12 18:09:09.361, 318.45 W, 100 %
2026/02/12 18:09:10.362, 317.68 W, 100 %
2026/02/12 18:09:11.362, 318.42 W, 100 %
2026/02/12 18:09:12.362, 318.60 W, 100 %
2026/02/12 18:09:13.362, 319.02 W, 100 %
2026/02/12 18:09:14.362, 317.64 W, 100 %
2026/02/12 18:09:15.362, 319.11 W, 100 %
2026/02/12 18:09:16.362, 320.03 W, 100 %
2026/02/12 18:09:17.363, 317.36 W, 100 %
2026/02/12 18:09:18.363, 319.49 W, 100 %
2026/02/12 18:09:19.363, 319.56 W, 100 %
2026/02/12 18:09:20.363, 319.35 W, 100 %
2026/02/12 18:09:21.363, 319.50 W, 100 %
2026/02/12 18:09:22.363, 318.93 W, 100 %
2026/02/12 18:09:23.363, 318.81 W, 100 %
2026/02/12 18:09:24.364, 319.39 W, 100 %
2026/02/12 18:09:25.364, 317.58 W, 100 %
2026/02/12 18:09:26.364, 317.61 W, 100 %
2026/02/12 18:09:27.364, 318.90 W, 100 %
2026/02/12 18:09:28.364, 318.02 W, 100 %
2026/02/12 18:09:29.364, 318.92 W, 100 %
2026/02/12 18:09:30.364, 318.20 W, 100 %
2026/02/12 18:09:31.365, 317.45 W, 100 %
2026/02/12 18:09:32.365, 318.98 W, 100 %
2026/02/12 18:09:33.365, 319.49 W, 100 %
2026/02/12 18:09:34.365, 318.65 W, 100 %
2026/02/12 18:09:35.365, 318.90 W, 100 %
2026/02/12 18:09:36.365, 318.99 W, 100 %
2026/02/12 18:09:37.365, 319.31 W, 100 %
2026/02/12 18:09:38.366, 318.70 W, 100 %
2026/02/12 18:09:39.366, 319.39 W, 100 %
2026/02/12 18:09:40.366, 319.71 W, 100 %
2026/02/12 18:09:41.366, 317.97 W, 100 %
2026/02/12 18:09:42.366, 319.18 W, 100 %
2026/02/12 18:09:43.366, 319.72 W, 100 %
2026/02/12 18:09:44.366, 318.89 W, 100 %
2026/02/12 18:09:45.366, 319.17 W, 100 %
2026/02/12 18:09:46.366, 319.67 W, 100 %
2026/02/12 18:09:47.367, 319.07 W, 100 %
2026/02/12 18:09:48.367, 319.04 W, 100 %
2026/02/12 18:09:49.367, 320.08 W, 100 %
2026/02/12 18:09:50.367, 319.09 W, 100 %
2026/02/12 18:09:51.367, 318.71 W, 100 %
2026/02/12 18:09:52.367, 320.51 W, 100 %
2026/02/12 18:09:53.367, 319.50 W, 100 %
2026/02/12 18:09:54.368, 319.31 W, 100 %
2026/02/12 18:09:55.368, 321.99 W, 100 %
2026/02/12 18:09:56.368, 319.41 W, 100 %
2026/02/12 18:09:57.368, 318.47 W, 100 %
2026/02/12 18:09:58.368, 320.93 W, 100 %
2026/02/12 18:09:59.368, 319.39 W, 100 %
2026/02/12 18:10:00.368, 319.35 W, 100 %
2026/02/12 18:10:01.368, 319.46 W, 100 %
2026/02/12 18:10:02.369, 320.26 W, 100 %
2026/02/12 18:10:03.369, 319.39 W, 100 %
2026/02/12 18:10:04.369, 319.15 W, 100 %
2026/02/12 18:10:05.369, 319.48 W, 100 %
2026/02/12 18:10:06.369, 318.48 W, 100 %
2026/02/12 18:10:07.369, 317.55 W, 100 %
2026/02/12 18:10:08.369, 319.28 W, 100 %
2026/02/12 18:10:09.370, 319.41 W, 100 %
2026/02/12 18:10:10.370, 318.54 W, 100 %
2026/02/12 18:10:11.370, 320.25 W, 100 %
2026/02/12 18:10:12.370, 318.77 W, 100 %
2026/02/12 18:10:13.370, 318.98 W, 100 %
2026/02/12 18:10:14.370, 319.88 W, 100 %
2026/02/12 18:10:15.370, 319.44 W, 100 %
2026/02/12 18:10:16.371, 319.57 W, 100 %
2026/02/12 18:10:17.371, 319.54 W, 100 %
2026/02/12 18:10:18.371, 318.30 W, 100 %
2026/02/12 18:10:19.371, 319.87 W, 100 %
2026/02/12 18:10:20.371, 320.07 W, 100 %
2026/02/12 18:10:21.371, 316.62 W, 100 %
2026/02/12 18:10:22.371, 318.88 W, 100 %
2026/02/12 18:10:23.372, 319.52 W, 100 %
2026/02/12 18:10:24.372, 318.55 W, 100 %
2026/02/12 18:10:25.372, 318.93 W, 100 %
2026/02/12 18:10:26.372, 318.94 W, 100 %
2026/02/12 18:10:27.372, 318.92 W, 100 %
2026/02/12 18:10:28.372, 319.55 W, 100 %
2026/02/12 18:10:29.372, 319.64 W, 100 %
2026/02/12 18:10:30.373, 319.66 W, 100 %
2026/02/12 18:10:31.373, 319.28 W, 100 %
2026/02/12 18:10:32.373, 318.97 W, 100 %
2026/02/12 18:10:33.373, 320.01 W, 100 %
2026/02/12 18:10:34.373, 319.34 W, 100 %
2026/02/12 18:10:35.373, 318.53 W, 100 %
2026/02/12 18:10:36.373, 319.71 W, 100 %
2026/02/12 18:10:37.374, 318.93 W, 100 %
2026/02/12 18:10:38.374, 319.31 W, 100 %
2026/02/12 18:10:39.374, 320.83 W, 100 %
2026/02/12 18:10:40.374, 319.59 W, 100 %
2026/02/12 18:10:41.374, 318.10 W, 100 %
2026/02/12 18:10:42.374, 321.26 W, 100 %
2026/02/12 18:10:43.374, 319.84 W, 100 %
